team_1,team_2,team_1_out,team_2_out,Team_1_win_%,Team_2_win_%,homeTeam,date,winner
76ers,Celtics,"['Julian Champagnie', ' Michael Foster Jr.']","['Danilo Gallinari', ' Robert Williams III']",0.0,1.0,Celtics,2022-10-18,Celtics
Lakers,Warriors,"['Troy Brown Jr.', ' Thomas Bryant', ' Dennis Schroder']","['Ty Jerome', ' Anthony Lamb', ' Andre Iguodala']",0.0,1.0,Warriors,2022-10-18,Warriors
Magic,Pistons,"['Markelle Fultz', ' Gary Harris', ' Moritz Wagner', ' Jonathan Isaac']","['Isaiah Livers', ' Alec Burks', ' Marvin Bagley III']",0.0,1.0,Pistons,2022-10-19,Pistons
Wizards,Pacers,"['Corey Kispert', ' Vernon Carey Jr.']","['Daniel Theis', ' Trevelin Queen']",1.0,0.0,Pacers,2022-10-19,Wizards
Rockets,Hawks,"[""Jae'Sean Tate"", ' Darius Days', ' TyTy Washington Jr.', ' Daishen Nix']",['Bogdan Bogdanovic'],0.0,1.0,Hawks,2022-10-19,Hawks
Pelicans,Nets,"['Kira Lewis Jr.', ' E.J. Liddell']","['Seth Curry', ' T.J. Warren', ' Joe Harris']",1.0,0.0,Nets,2022-10-19,Pelicans
Bulls,Heat,"['Lonzo Ball', ' Zach LaVine', ' Kostas Antetokounmpo']","['Victor Oladipo', ' Omer Yurtseven', ' Jamal Cain']",1.0,0.0,Heat,2022-10-19,Bulls
Cavaliers,Raptors,"['Ricky Rubio', ' Dylan Windler', ' Mamadi Diakite']","['Khem Birch', ' Chris Boucher', ' Otto Porter Jr.']",0.0,1.0,Raptors,2022-10-19,Raptors
Knicks,Grizzlies,"['Quentin Grimes', ' Trevor Keels']","['Ziaire Williams', ' Dillon Brooks', ' Jaren Jackson Jr.', ' Danny Green']",0.0,1.0,Grizzlies,2022-10-19,Grizzlies
Thunder,Timberwolves,"['Lindy Waters III', ' Chet Holmgren']",['Luka Garza'],0.0,1.0,Timberwolves,2022-10-19,Timberwolves
Hornets,Spurs,['LaMelo Ball'],"['Dominick Barlow', ' Jordan Hall']",1.0,0.0,Spurs,2022-10-19,Hornets
Nuggets,Jazz,"['Collin Gillespie', ' Jack White']","['Johnny Juzang', ' Udoka Azubuike']",0.0,1.0,Jazz,2022-10-19,Jazz
Mavericks,Suns,"['Tyler Dorsey', ' Facundo Campazzo', ' Davis Bertans', ' Frank Ntilikina']","['Landry Shamet', ' Jae Crowder']",0.0,1.0,Suns,2022-10-19,Suns
Trail Blazers,Kings,"['Trendon Watford', ' Gary Payton II', ' Olivier Sarr']","['Neemias Queta', ' Keegan Murray', ' Keon Ellis']",1.0,0.0,Kings,2022-10-19,Trail Blazers
Bucks,76ers,"['Joe Ingles', ' Khris Middleton', ' Pat Connaughton']","['Julian Champagnie', ' Michael Foster Jr.']",1.0,0.0,76ers,2022-10-20,Bucks
Clippers,Lakers,['Moussa Diabate'],"['Troy Brown Jr.', ' Dennis Schroder', ' Cole Swider', ' Thomas Bryant']",1.0,0.0,Lakers,2022-10-20,Clippers
Pelicans,Hornets,"['Kira Lewis Jr.', ' E.J. Liddell']","['LaMelo Ball', ' Cody Martin']",1.0,0.5,Hornets,2022-10-21,Pelicans
Spurs,Pacers,"['Dominick Barlow', ' Jordan Hall']","['Kendall Brown', ' Daniel Theis', ' Trevelin Queen']",0.5,0.0,Pacers,2022-10-21,Spurs
Bulls,Wizards,"['Lonzo Ball', ' Zach LaVine', ' Kostas Antetokounmpo']","['Corey Kispert', ' Vernon Carey Jr.']",0.5,1.0,Wizards,2022-10-21,Wizards
Magic,Hawks,"['Markelle Fultz', ' Gary Harris', ' Moritz Wagner', ' Jonathan Isaac']",['Bogdan Bogdanovic'],0.0,1.0,Hawks,2022-10-21,Hawks
Raptors,Nets,"['Chris Boucher', ' Otto Porter Jr.']","['Seth Curry', ' T.J. Warren']",0.5,0.5,Nets,2022-10-21,Nets
Celtics,Heat,"['Danilo Gallinari', ' Robert Williams III']","['Victor Oladipo', ' Jamal Cain', ' Omer Yurtseven']",1.0,0.0,Heat,2022-10-21,Celtics
Pistons,Knicks,"['Isaiah Livers', ' Marvin Bagley III', ' Alec Burks']","['Quentin Grimes', ' Feron Hunt']",0.5,0.5,Knicks,2022-10-21,Knicks
Grizzlies,Rockets,"['Ziaire Williams', ' Jaren Jackson Jr.', ' Dillon Brooks', ' Danny Green']","[""Jae'Sean Tate"", ' TyTy Washington Jr.', ' Darius Days']",1.0,0.0,Rockets,2022-10-21,Grizzlies
Jazz,Timberwolves,"['Udoka Azubuike', ' Micah Potter']",['Luka Garza'],1.0,0.5,Timberwolves,2022-10-21,Jazz
Nuggets,Warriors,"['Collin Gillespie', ' Jamal Murray']","['Ty Jerome', ' Anthony Lamb', ' Andre Iguodala']",0.5,0.5,Warriors,2022-10-21,Nuggets
Suns,Trail Blazers,"['Landry Shamet', ' Jae Crowder']","['Trendon Watford', ' Gary Payton II', ' Olivier Sarr', ' John Butler Jr.']",0.5,1.0,Trail Blazers,2022-10-21,Trail Blazers
Spurs,76ers,"['Blake Wesley', ' Dominick Barlow']","['Julian Champagnie', ' Michael Foster Jr.']",0.6666666666666666,0.0,76ers,2022-10-22,Spurs
Pistons,Pacers,"['Marvin Bagley III', ' Alec Burks']","['Kendall Brown', ' Daniel Theis', ' Myles Turner', ' Trevelin Queen']",0.3333333333333333,0.3333333333333333,Pacers,2022-10-22,Pacers
Celtics,Magic,"['Al Horford', ' Danilo Gallinari', ' Robert Williams III']","['Markelle Fultz', ' Gary Harris', ' Jalen Suggs', ' Moritz Wagner', ' Jonathan Isaac']",1.0,0.0,Magic,2022-10-22,Celtics
Raptors,Heat,"['Chris Boucher', ' Otto Porter Jr.']","['Victor Oladipo', ' Jamal Cain', ' Omer Yurtseven']",0.3333333333333333,0.3333333333333333,Heat,2022-10-22,Heat
Cavaliers,Bulls,"['Ricky Rubio', ' Dylan Windler', ' Mamadi Diakite', ' Darius Garland']","['Lonzo Ball', ' Kostas Antetokounmpo']",0.5,0.3333333333333333,Bulls,2022-10-22,Cavaliers
Rockets,Bucks,"[""Jae'Sean Tate"", ' TyTy Washington Jr.', ' Darius Days', ' Bruno Fernando', ' Eric Gordon']","['Joe Ingles', ' Pat Connaughton', ' Khris Middleton']",0.0,1.0,Bucks,2022-10-22,Bucks
Grizzlies,Mavericks,"['Ziaire Williams', ' Jaren Jackson Jr.', ' Dillon Brooks', ' Danny Green']","['Facundo Campazzo', ' Davis Bertans', ' Frank Ntilikina']",0.6666666666666666,0.5,Mavericks,2022-10-22,Mavericks
Thunder,Nuggets,"['Jalen Williams', ' Chet Holmgren']","['Collin Gillespie', ' Jack White']",0.0,0.6666666666666666,Nuggets,2022-10-22,Nuggets
Clippers,Kings,"['Kawhi Leonard', ' John Wall']","['Neemias Queta', ' Keon Ellis']",1.0,0.0,Kings,2022-10-22,Clippers
Trail Blazers,Lakers,"['Trendon Watford', ' Gary Payton II', ' Olivier Sarr', ' John Butler Jr.']","['Thomas Bryant', ' Dennis Schroder', ' Cole Swider']",1.0,0.0,Lakers,2022-10-23,Trail Blazers
Hornets,Hawks,"['Terry Rozier', ' LaMelo Ball', ' Cody Martin']","['Jarrett Culver', ' Bogdan Bogdanovic']",0.6666666666666666,0.6666666666666666,Hawks,2022-10-23,Hornets
Wizards,Cavaliers,"['Corey Kispert', ' Jordan Schakel']","['Ricky Rubio', ' Dylan Windler', ' Mamadi Diakite', ' Darius Garland']",0.6666666666666666,0.6666666666666666,Cavaliers,2022-10-23,Cavaliers
Jazz,Pelicans,"['Johnny Juzang', ' Udoka Azubuike', ' Micah Potter']","['Kira Lewis Jr.', ' E.J. Liddell']",1.0,0.6666666666666666,Pelicans,2022-10-23,Jazz
Timberwolves,Thunder,"['Josh Minott', ' Kyle Anderson', ' Luka Garza']","['Jalen Williams', ' Chet Holmgren']",0.6666666666666666,0.0,Thunder,2022-10-23,Timberwolves
Kings,Warriors,"['Neemias Queta', ' Keon Ellis']","['Ty Jerome', ' Anthony Lamb', ' Andre Iguodala']",0.0,0.6666666666666666,Warriors,2022-10-23,Warriors
Suns,Clippers,"['Ish Wainright', ' Jae Crowder']",['Moussa Diabate'],0.6666666666666666,0.6666666666666666,Clippers,2022-10-23,Suns
Pacers,76ers,"['Kendall Brown', ' Daniel Theis', ' Trevelin Queen']","['Julian Champagnie', ' Michael Foster Jr.']",0.25,0.25,76ers,2022-10-24,76ers
Raptors,Heat,"['Scottie Barnes', ' Otto Porter Jr.']","['Victor Oladipo', ' Omer Yurtseven']",0.5,0.25,Heat,2022-10-24,Raptors
Magic,Knicks,"['Markelle Fultz', ' Gary Harris', ' Jalen Suggs', ' Moritz Wagner', ' Jonathan Isaac']","['Quentin Grimes', ' Feron Hunt', ' Trevor Keels']",0.0,0.6666666666666666,Knicks,2022-10-24,Knicks
Celtics,Bulls,"['Mfiondu Kabengele', ' JD Davison', ' Danilo Gallinari', ' Robert Williams III']","['Lonzo Ball', ' Kostas Antetokounmpo']",0.75,0.5,Bulls,2022-10-24,Bulls
Jazz,Rockets,"['Johnny Juzang', ' Udoka Azubuike', ' Micah Potter']","[""Jae'Sean Tate"", ' Alperen Sengun', ' TyTy Washington Jr.', ' Darius Days', ' Bruno Fernando']",0.75,0.25,Rockets,2022-10-24,Rockets
Nets,Grizzlies,"['Markieff Morris', ' Seth Curry', ' T.J. Warren', ' Alondes Williams', ' David Duke Jr.']","['Ziaire Williams', ' Jaren Jackson Jr.', ' Danny Green']",0.3333333333333333,0.75,Grizzlies,2022-10-24,Grizzlies
Spurs,Timberwolves,"['Blake Wesley', ' Charles Bassey', ' Malaki Branham', ' Jordan Hall', ' Dominick Barlow']","['Josh Minott', ' Luka Garza', ' Kyle Anderson', ' Austin Rivers']",0.75,0.5,Timberwolves,2022-10-24,Spurs
Nuggets,Trail Blazers,"['Collin Gillespie', ' Jack White']","['Trendon Watford', ' Gary Payton II', ' Olivier Sarr', ' John Butler Jr.']",0.5,1.0,Trail Blazers,2022-10-24,Trail Blazers
Pistons,Wizards,"['Marvin Bagley III', ' Buddy Boeheim', ' Alec Burks', ' Braxton Key']","['Corey Kispert', ' Jordan Schakel']",0.25,0.75,Wizards,2022-10-25,Wizards
Mavericks,Pelicans,"['Tim Hardaway Jr.', ' Davis Bertans', ' Frank Ntilikina']","['Kira Lewis Jr.', ' Brandon Ingram', ' Herbert Jones', ' E.J. Liddell', ' Zion Williamson']",0.3333333333333333,0.75,Pelicans,2022-10-25,Pelicans
Clippers,Thunder,"['Jason Preston', ' Paul George', ' Marcus Morris Sr.', ' Moussa Diabate', ' Kawhi Leonard']","['Jalen Williams', ' Lindy Waters III', ' Chet Holmgren', ' Josh Giddey', ' Eugene Omoruyi']",0.5,0.25,Thunder,2022-10-25,Thunder
Warriors,Suns,"['Donte DiVincenzo', ' Patrick Baldwin Jr.', ' Ryan Rollins', ' Anthony Lamb', ' Andre Iguodala']","['Jae Crowder', ' Ish Wainright']",0.5,0.75,Suns,2022-10-25,Suns
Magic,Cavaliers,"['Markelle Fultz', ' Gary Harris', ' Jalen Suggs', ' Moritz Wagner', ' Jonathan Isaac']","['Ricky Rubio', ' Dylan Windler', ' Darius Garland', ' Isaiah Mobley']",0.0,0.75,Cavaliers,2022-10-26,Cavaliers
Hawks,Pistons,"['Bogdan Bogdanovic', ' Trent Forrest']","['Jaden Ivey', ' Marvin Bagley III', ' Buddy Boeheim', ' Alec Burks', ' Braxton Key']",0.75,0.2,Pistons,2022-10-26,Hawks
Hornets,Knicks,"['Terry Rozier', ' LaMelo Ball', ' Cody Martin']","['Quentin Grimes', ' Feron Hunt', ' Trevor Keels']",0.5,0.75,Knicks,2022-10-26,Knicks
76ers,Raptors,"['Julian Champagnie', ' Michael Foster Jr.']","['Ron Harper Jr.', ' Jeff Dowtin Jr.', ' Otto Porter Jr.']",0.2,0.6,Raptors,2022-10-26,Raptors
Nets,Bucks,"['Markieff Morris', ' Seth Curry', ' T.J. Warren', ' Alondes Williams', ' David Duke Jr.']","['Joe Ingles', ' AJ Green', ' Pat Connaughton', ' Khris Middleton']",0.25,1.0,Bucks,2022-10-26,Bucks
Pacers,Bulls,"['Kendall Brown', ' Daniel Theis', ' Trevelin Queen']","['Lonzo Ball', ' Kostas Antetokounmpo']",0.2,0.6,Bulls,2022-10-26,Bulls
Spurs,Timberwolves,"['Blake Wesley', ' Charles Bassey', ' Malaki Branham', ' Devin Vassell', ' Joshua Primo', ' Dominick Barlow']","['Josh Minott', ' Luka Garza', ' Kyle Anderson']",0.6,0.6,Timberwolves,2022-10-26,Timberwolves
Rockets,Jazz,"['Alperen Sengun', ' TyTy Washington Jr.', ' Darius Days', ' Bruno Fernando']","['Johnny Juzang', ' Udoka Azubuike', ' Micah Potter']",0.2,0.8,Jazz,2022-10-26,Jazz
Lakers,Nuggets,"['Scotty Pippen Jr.', ' Thomas Bryant', ' Russell Westbrook', ' Dennis Schroder', ' Cole Swider']","['Michael Porter Jr.', ' Collin Gillespie']",0.0,0.6,Nuggets,2022-10-26,Nuggets
Heat,Trail Blazers,"['Victor Oladipo', ' Jamal Cain', ' Omer Yurtseven']","['Trendon Watford', ' Gary Payton II', ' Olivier Sarr', ' John Butler Jr.']",0.4,0.8,Trail Blazers,2022-10-26,Heat
Mavericks,Nets,"['Frank Ntilikina', ' Davis Bertans']","['T.J. Warren', ' Joe Harris', ' Markieff Morris', ' Seth Curry', ' Alondes Williams']",0.5,0.2,Nets,2022-10-27,Mavericks
Clippers,Thunder,"['Jason Preston', ' Marcus Morris Sr.', ' Kawhi Leonard']","['Jalen Williams', ' Chet Holmgren', ' Josh Giddey', ' Eugene Omoruyi']",0.4,0.4,Thunder,2022-10-27,Thunder
Heat,Warriors,"['Victor Oladipo', ' Omer Yurtseven']","['Donte DiVincenzo', ' Anthony Lamb', ' Andre Iguodala']",0.3333333333333333,0.6,Warriors,2022-10-27,Warriors
Grizzlies,Kings,"['Ziaire Williams', ' Jaren Jackson Jr.', ' Danny Green', ' John Konchar']","['Neemias Queta', ' Keon Ellis']",0.8,0.0,Kings,2022-10-27,Grizzlies
Hawks,Pistons,"['Jarrett Culver', ' Bogdan Bogdanovic']","['Marvin Bagley III', ' Buddy Boeheim', ' Alec Burks', ' Braxton Key']",0.8,0.16666666666666666,Pistons,2022-10-28,Hawks
Hornets,Magic,"['Terry Rozier', ' LaMelo Ball', ' Cody Martin']","['Markelle Fultz', ' Gary Harris', ' Jalen Suggs', ' Moritz Wagner', ' Jonathan Isaac', ' Cole Anthony']",0.4,0.16666666666666666,Magic,2022-10-28,Magic
Cavaliers,Celtics,"['Ricky Rubio', ' Dylan Windler', ' Mamadi Diakite', ' Darius Garland', ' Isaiah Mobley']","['Mfiondu Kabengele', ' JD Davison', ' Danilo Gallinari', ' Robert Williams III']",0.8,0.6,Celtics,2022-10-28,Cavaliers
76ers,Raptors,"['Michael Foster Jr.', ' Julian Champagnie']","['Ron Harper Jr.', ' Jeff Dowtin Jr.', ' Otto Porter Jr.']",0.3333333333333333,0.5,Raptors,2022-10-28,76ers
Pacers,Wizards,"['Kendall Brown', ' Daniel Theis', ' Trevelin Queen']","['Corey Kispert', ' Delon Wright']",0.3333333333333333,0.6,Wizards,2022-10-28,Pacers
Knicks,Bucks,"['Quentin Grimes', ' Feron Hunt', ' Trevor Keels']","['Joe Ingles', ' AJ Green', ' Pat Connaughton', ' Khris Middleton']",0.6,1.0,Bucks,2022-10-28,Bucks
Lakers,Timberwolves,"['Scotty Pippen Jr.', ' Juan Toscano-Anderson', ' Thomas Bryant', ' Dennis Schroder', ' Cole Swider']","['Josh Minott', ' Luka Garza', ' Kyle Anderson', ' Wendell Moore Jr.']",0.0,0.6666666666666666,Timberwolves,2022-10-28,Timberwolves
Bulls,Spurs,"['Lonzo Ball', ' Zach LaVine', ' Kostas Antetokounmpo', ' Marko Simonovic']","['Dominick Barlow', ' Charles Bassey', ' Devin Vassell', ' Joshua Primo']",0.5,0.6666666666666666,Spurs,2022-10-28,Spurs
Jazz,Nuggets,"['Simone Fontecchio', ' Johnny Juzang', ' Walker Kessler', ' Rudy Gay']","['Collin Gillespie', ' Davon Reed', ' Kentavious Caldwell-Pope']",0.6666666666666666,0.6666666666666666,Nuggets,2022-10-28,Nuggets
Pelicans,Suns,"['Dyson Daniels', ' Kira Lewis Jr.', ' Brandon Ingram', ' Herbert Jones', ' Zion Williamson', ' E.J. Liddell']","['Jae Crowder', ' Ish Wainright']",0.6,0.8,Suns,2022-10-28,Suns
Rockets,Trail Blazers,"['TyTy Washington Jr.', ' Darius Days', ' Bruno Fernando']","['Trendon Watford', ' Olivier Sarr', ' John Butler Jr.', ' Gary Payton II']",0.16666666666666666,0.8333333333333334,Trail Blazers,2022-10-28,Trail Blazers
Heat,Kings,"['Victor Oladipo', ' Dewayne Dedmon', ' Jamal Cain', ' Omer Yurtseven']","['Neemias Queta', ' Keon Ellis']",0.2857142857142857,0.2,Kings,2022-10-29,Kings
Warriors,Hornets,"['Donte DiVincenzo', ' Anthony Lamb', ' Andre Iguodala']","['Terry Rozier', ' LaMelo Ball', ' Cody Martin']",0.5,0.5,Hornets,2022-10-29,Hornets
Pacers,Nets,"['Kendall Brown', ' Daniel Theis', ' Trevelin Queen']","['T.J. Warren', ' Alondes Williams', ' David Duke Jr.']",0.42857142857142855,0.16666666666666666,Nets,2022-10-29,Pacers
76ers,Bulls,"['Julian Champagnie', ' Michael Foster Jr.']","['Lonzo Ball', ' Andre Drummond', ' Kostas Antetokounmpo', ' Ayo Dosunmu']",0.42857142857142855,0.42857142857142855,Bulls,2022-10-29,76ers
Hawks,Bucks,"['Bogdan Bogdanovic', ' Trent Forrest']","['Joe Ingles', ' AJ Green', ' Pat Connaughton', ' Khris Middleton']",0.6666666666666666,1.0,Bucks,2022-10-29,Bucks
Thunder,Mavericks,"['Lindy Waters III', ' Chet Holmgren', ' Josh Giddey']","['JaVale McGee', ' Davis Bertans', ' Frank Ntilikina']",0.5,0.4,Mavericks,2022-10-29,Thunder
Grizzlies,Jazz,"['Ziaire Williams', ' Jaren Jackson Jr.', ' Ja Morant', ' Danny Green', ' Jake LaRavia']","['Simone Fontecchio', ' Walker Kessler', ' Mike Conley', ' Rudy Gay']",0.6666666666666666,0.7142857142857143,Jazz,2022-10-29,Jazz
Pelicans,Clippers,"['Dyson Daniels', ' Kira Lewis Jr.', ' Brandon Ingram', ' Herbert Jones', ' E.J. Liddell']","['Jason Preston', ' Robert Covington', ' Kawhi Leonard']",0.6666666666666666,0.3333333333333333,Clippers,2022-10-30,Pelicans
Wizards,Celtics,"['Corey Kispert', ' Delon Wright']","['Mfiondu Kabengele', ' JD Davison', ' Danilo Gallinari', ' Robert Williams III']",0.5,0.6666666666666666,Celtics,2022-10-30,Celtics
Knicks,Cavaliers,"['Quentin Grimes', ' Feron Hunt', ' Trevor Keels']","['Ricky Rubio', ' Dylan Windler', ' Darius Garland', ' Isaiah Mobley']",0.5,0.8333333333333334,Cavaliers,2022-10-30,Cavaliers
Warriors,Pistons,"['Donte DiVincenzo', ' Andre Iguodala']","['Marvin Bagley III', ' Buddy Boeheim', ' Alec Burks']",0.42857142857142855,0.2857142857142857,Pistons,2022-10-30,Pistons
Timberwolves,Spurs,"['Josh Minott', ' Luka Garza', ' Jordan McLaughlin', ' Wendell Moore Jr.']","['Josh Richardson', ' Charles Bassey', ' Jeremy Sochan', ' Devin Vassell', ' Dominick Barlow']",0.5714285714285714,0.7142857142857143,Spurs,2022-10-30,Spurs
Magic,Mavericks,"['Markelle Fultz', ' Gary Harris', ' Jalen Suggs', ' Moritz Wagner', ' Jonathan Isaac', ' Cole Anthony']","['Davis Bertans', ' Frank Ntilikina']",0.14285714285714285,0.5,Mavericks,2022-10-30,Mavericks
Rockets,Suns,"['TyTy Washington Jr.', ' Darius Days', ' Bruno Fernando', ' Eric Gordon']","['Deandre Ayton', ' Jae Crowder', ' Ish Wainright']",0.14285714285714285,0.8333333333333334,Suns,2022-10-30,Suns
Nuggets,Lakers,"['Collin Gillespie', ' Jack White']","['Juan Toscano-Anderson', ' Thomas Bryant', ' Dennis Schroder', ' Cole Swider']",0.5714285714285714,0.16666666666666666,Lakers,2022-10-30,Lakers
Kings,Hornets,"['Neemias Queta', ' Chima Moneke', ' Keon Ellis']","['Terry Rozier', ' LaMelo Ball', ' Cody Martin']",0.3333333333333333,0.42857142857142855,Hornets,2022-10-31,Kings
76ers,Wizards,"['Julian Champagnie', ' Joel Embiid', ' Michael Foster Jr.']","['Corey Kispert', ' Delon Wright']",0.5,0.42857142857142855,Wizards,2022-10-31,76ers
Pacers,Nets,"['Kendall Brown', ' Daniel Theis', ' Trevelin Queen']","['Ben Simmons', ' Seth Curry', ' T.J. Warren', ' Alondes Williams', ' David Duke Jr.']",0.375,0.2857142857142857,Nets,2022-10-31,Nets
Hawks,Raptors,"['Jarrett Culver', ' Bogdan Bogdanovic']","['Otto Porter Jr.', ' Fred VanVleet']",0.5714285714285714,0.5714285714285714,Raptors,2022-10-31,Raptors
Pistons,Bucks,"['Jalen Duren', ' Marvin Bagley III', ' Alec Burks', ' Buddy Boeheim']","['Joe Ingles', ' AJ Green', ' Pat Connaughton', ' Khris Middleton']",0.25,1.0,Bucks,2022-10-31,Bucks
Grizzlies,Jazz,"['Ziaire Williams', ' Jaren Jackson Jr.', ' Desmond Bane', ' Jake LaRavia', ' Danny Green']","['Simone Fontecchio', ' Johnny Juzang', ' Leandro Bolmaro', ' Walker Kessler', ' Rudy Gay']",0.5714285714285714,0.75,Jazz,2022-10-31,Jazz
Rockets,Clippers,"[""Jae'Sean Tate"", ' TyTy Washington Jr.', ' Darius Days', ' Bruno Fernando']","['Robert Covington', ' Kawhi Leonard', ' John Wall']",0.125,0.42857142857142855,Clippers,2022-10-31,Clippers
Bulls,Nets,"['Lonzo Ball', ' Coby White', ' Kostas Antetokounmpo']","['Ben Simmons', ' Seth Curry', ' T.J. Warren', ' Alondes Williams']",0.5,0.25,Nets,2022-11-01,Bulls
Warriors,Heat,"['Donte DiVincenzo', ' Anthony Lamb', ' Andre Iguodala']","['Victor Oladipo', ' Jamal Cain', ' Omer Yurtseven']",0.375,0.375,Heat,2022-11-01,Heat
Magic,Thunder,"['Markelle Fultz', ' Gary Harris', ' Moritz Wagner', ' Jonathan Isaac', ' Cole Anthony']","['Lindy Waters III', ' Chet Holmgren', ' Eugene Omoruyi']",0.125,0.5714285714285714,Thunder,2022-11-01,Thunder
Timberwolves,Suns,"['Josh Minott', ' Luka Garza', ' Wendell Moore Jr.']","['Deandre Ayton', ' Ish Wainright', ' Jae Crowder']",0.5,0.8571428571428571,Suns,2022-11-01,Suns
Wizards,76ers,"['Corey Kispert', ' Jordan Schakel', ' Delon Wright', ' Vernon Carey Jr.', ' Isaiah Todd']","['Julian Champagnie', ' Joel Embiid', ' Michael Foster Jr.']",0.5,0.4444444444444444,76ers,2022-11-02,Wizards
Celtics,Cavaliers,"['Mfiondu Kabengele', ' JD Davison', ' Danilo Gallinari', ' Robert Williams III']","['Ricky Rubio', ' Raul Neto', ' Isaiah Mobley']",0.5714285714285714,0.8571428571428571,Cavaliers,2022-11-02,Cavaliers
Kings,Heat,"[""De'Aaron Fox"", ' Neemias Queta', ' Chima Moneke', ' Keon Ellis']","['Victor Oladipo', ' Jimmy Butler', ' Jamal Cain', ' Omer Yurtseven']",0.2857142857142857,0.4444444444444444,Heat,2022-11-02,Heat
Hawks,Knicks,"['Bogdan Bogdanovic', ' Trent Forrest']","['Feron Hunt', ' Trevor Keels']",0.625,0.42857142857142855,Knicks,2022-11-02,Hawks
Hornets,Bulls,"['Terry Rozier', ' LaMelo Ball', ' Mark Williams', ' Cody Martin', ' Bryce McGowens']","['Lonzo Ball', ' Andre Drummond', ' Coby White', ' Kostas Antetokounmpo']",0.375,0.5555555555555556,Bulls,2022-11-02,Bulls
Clippers,Rockets,"['Jason Preston', ' Robert Covington', ' Moussa Diabate', ' Kawhi Leonard']","[""Jae'Sean Tate"", ' TyTy Washington Jr.', ' Darius Days', ' Trevor Hudgins', ' Bruno Fernando']",0.5,0.1111111111111111,Rockets,2022-11-02,Clippers
Pistons,Bucks,"['Jalen Duren', ' Marvin Bagley III', ' Alec Burks', ' Buddy Boeheim']","['Joe Ingles', ' Sandro Mamukelashvili', ' AJ Green', ' Pat Connaughton', ' Khris Middleton']",0.2222222222222222,1.0,Bucks,2022-11-02,Bucks
Raptors,Spurs,"['Ron Harper Jr.', ' Fred VanVleet', ' Justin Champagnie']","['Blake Wesley', ' Keldon Johnson', ' Devin Vassell', ' Isaiah Roby']",0.625,0.625,Spurs,2022-11-02,Raptors
Jazz,Mavericks,"['Simone Fontecchio', ' Johnny Juzang', ' Leandro Bolmaro', ' Micah Potter']","['Tyler Dorsey', ' Davis Bertans', ' McKinley Wright IV', ' Frank Ntilikina']",0.6666666666666666,0.5714285714285714,Mavericks,2022-11-02,Mavericks
Grizzlies,Trail Blazers,"['Ziaire Williams', ' Jaren Jackson Jr.', ' Danny Green']","['Trendon Watford', ' Gary Payton II', ' Olivier Sarr', ' John Butler Jr.']",0.625,0.7142857142857143,Trail Blazers,2022-11-02,Grizzlies
Pelicans,Lakers,"['Kira Lewis Jr.', ' Brandon Ingram', ' Herbert Jones', ' E.J. Liddell']","['Scotty Pippen Jr.', ' Thomas Bryant', ' Dennis Schroder', ' Cole Swider']",0.5714285714285714,0.2857142857142857,Lakers,2022-11-02,Lakers
Warriors,Magic,"['Donte DiVincenzo', ' Anthony Lamb', ' Andre Iguodala']","['Markelle Fultz', ' Gary Harris', ' Moritz Wagner', ' Jonathan Isaac', ' Terrence Ross', ' Cole Anthony']",0.3333333333333333,0.2222222222222222,Magic,2022-11-03,Magic
Nuggets,Thunder,"['Bones Hyland', ' Collin Gillespie', ' Ish Smith', ' Jack White', ' Peyton Watson']","['Jaylin Williams', ' Lindy Waters III', ' Chet Holmgren', ' Eugene Omoruyi']",0.625,0.5,Thunder,2022-11-03,Nuggets
Cavaliers,Pistons,"['Ricky Rubio', ' Dylan Windler', ' Donovan Mitchell', ' Darius Garland', ' Isaiah Mobley']","['Jalen Duren', ' Marvin Bagley III', ' Buddy Boeheim', ' Alec Burks', ' Braxton Key']",0.875,0.2,Pistons,2022-11-04,Cavaliers
Heat,Pacers,"['Victor Oladipo', ' Jimmy Butler', ' Nikola Jovic', ' Omer Yurtseven']","['Kendall Brown', ' Daniel Theis', ' Trevelin Queen']",0.4,0.4444444444444444,Pacers,2022-11-04,Pacers
Knicks,76ers,"['Feron Hunt', ' Trevor Keels']","['Jaden Springer', ' Julian Champagnie', ' Michael Foster Jr.']",0.5,0.4,76ers,2022-11-04,Knicks
Nets,Wizards,"['Ben Simmons', ' Seth Curry', ' T.J. Warren', ' Kessler Edwards', ' Kyrie Irving', ' Alondes Williams']","['Delon Wright', ' Jordan Schakel', ' Vernon Carey Jr.', ' Isaiah Todd']",0.3333333333333333,0.4444444444444444,Wizards,2022-11-04,Nets
Bulls,Celtics,"['Lonzo Ball', ' Andre Drummond', ' Coby White', ' Kostas Antetokounmpo', ' Marko Simonovic']","['Mfiondu Kabengele', ' JD Davison', ' Danilo Gallinari', ' Robert Williams III']",0.5,0.625,Celtics,2022-11-04,Celtics
Hornets,Grizzlies,"['Gordon Hayward', ' Terry Rozier', ' LaMelo Ball', ' Mark Williams', ' Cody Martin']","['Ziaire Williams', ' Jaren Jackson Jr.', ' Danny Green']",0.3333333333333333,0.6666666666666666,Grizzlies,2022-11-04,Grizzlies
Clippers,Spurs,"['Jason Preston', ' Robert Covington', ' Moussa Diabate', ' Kawhi Leonard']","['Blake Wesley', ' Dominick Barlow', ' Charles Bassey', ' Romeo Langford', ' Isaiah Roby']",0.5555555555555556,0.5555555555555556,Spurs,2022-11-04,Clippers
Raptors,Mavericks,"['Ron Harper Jr.', ' Khem Birch', ' Fred VanVleet', ' Justin Champagnie']","['Tyler Dorsey', ' Davis Bertans', ' McKinley Wright IV', ' Frank Ntilikina', ' Jaden Hardy']",0.5555555555555556,0.625,Mavericks,2022-11-04,Mavericks
Warriors,Pelicans,"['Donte DiVincenzo', ' Draymond Green', ' Klay Thompson', ' Andre Iguodala', ' Stephen Curry']","['Dereon Seabron', ' Kira Lewis Jr.', ' E.J. Liddell']",0.3,0.625,Pelicans,2022-11-04,Pelicans
Bucks,Timberwolves,"['Joe Ingles', ' Sandro Mamukelashvili', ' AJ Green', ' Pat Connaughton', ' Khris Middleton']","['Josh Minott', ' Luka Garza', ' Wendell Moore Jr.']",1.0,0.4444444444444444,Timberwolves,2022-11-04,Bucks
Trail Blazers,Suns,"['Gary Payton II', ' Anfernee Simons', ' Trendon Watford', ' Olivier Sarr']","['Duane Washington Jr.', ' Ish Wainright', ' Cameron Payne', ' Jae Crowder']",0.75,0.75,Suns,2022-11-04,Trail Blazers
Jazz,Lakers,"['Johnny Juzang', ' Leandro Bolmaro', ' Micah Potter']","['Scotty Pippen Jr.', ' Thomas Bryant', ' Dennis Schroder', ' Cole Swider']",0.7,0.25,Lakers,2022-11-04,Jazz
Kings,Magic,"['Neemias Queta', ' Chima Moneke', ' Keon Ellis']","['Markelle Fultz', ' Gary Harris', ' Moritz Wagner', ' Jonathan Isaac', ' Cole Anthony']",0.375,0.2,Magic,2022-11-05,Kings
Nets,Hornets,"['Ben Simmons', ' T.J. Warren', ' Kessler Edwards', ' Kyrie Irving', ' Alondes Williams']","['Gordon Hayward', ' LaMelo Ball', ' Cody Martin', ' Mark Williams']",0.4,0.3,Hornets,2022-11-05,Nets
Pelicans,Hawks,"['Dereon Seabron', ' Kira Lewis Jr.', ' E.J. Liddell']",['Bogdan Bogdanovic'],0.5555555555555556,0.6666666666666666,Hawks,2022-11-05,Hawks
Celtics,Knicks,"['Al Horford', ' Mfiondu Kabengele', ' JD Davison', ' Danilo Gallinari', ' Robert Williams III']","['Mitchell Robinson', ' Feron Hunt', ' Quentin Grimes', ' Trevor Keels']",0.6666666666666666,0.4444444444444444,Knicks,2022-11-05,Celtics
Thunder,Bucks,"['Lindy Waters III', ' Aleksej Pokusevski', ' Chet Holmgren']","['Joe Ingles', ' Sandro Mamukelashvili', ' AJ Green', ' Pat Connaughton', ' Giannis Antetokounmpo', ' Khris Middleton']",0.4444444444444444,1.0,Bucks,2022-11-05,Bucks
Rockets,Timberwolves,"[""Jae'Sean Tate"", ' Jabari Smith Jr.', ' TyTy Washington Jr.', ' Darius Days', ' Trevor Hudgins', ' Bruno Fernando']","['Rudy Gobert', ' Josh Minott', ' Luka Garza', ' Wendell Moore Jr.']",0.1,0.5,Timberwolves,2022-11-05,Timberwolves
Spurs,Nuggets,"['Blake Wesley', ' Romeo Langford', ' Dominick Barlow', ' Charles Bassey', ' Zach Collins']","['Collin Gillespie', ' Ish Smith', ' Zeke Nnaji', ' Jack White', ' Peyton Watson']",0.5,0.6666666666666666,Nuggets,2022-11-05,Nuggets
Trail Blazers,Suns,"['Damian Lillard', ' Anfernee Simons', ' Olivier Sarr', ' Gary Payton II']","['Cameron Johnson', ' Ish Wainright', ' Cameron Payne', ' Jae Crowder']",0.6666666666666666,0.7777777777777778,Suns,2022-11-05,Suns
Cavaliers,Lakers,"['Ricky Rubio', ' Dylan Windler', ' Isaiah Mobley']","['Scotty Pippen Jr.', ' Thomas Bryant', ' Dennis Schroder', ' Cole Swider']",0.8888888888888888,0.2222222222222222,Lakers,2022-11-06,Cavaliers
Bulls,Raptors,"['Lonzo Ball', ' Andre Drummond', ' Zach LaVine', ' Coby White', ' Kostas Antetokounmpo', ' Marko Simonovic']","['Ron Harper Jr.', ' Khem Birch', ' Jeff Dowtin Jr.', ' Pascal Siakam', ' Justin Champagnie']",0.45454545454545453,0.6,Raptors,2022-11-06,Raptors
Wizards,Grizzlies,"['Bradley Beal', ' Delon Wright', ' Jordan Schakel', ' Johnny Davis', ' Vernon Carey Jr.', ' Isaiah Todd']","['Ziaire Williams', ' Jaren Jackson Jr.', ' Danny Green', ' Kenneth Lofton Jr.']",0.4,0.7,Grizzlies,2022-11-06,Grizzlies
Jazz,Clippers,"['Johnny Juzang', ' Jarred Vanderbilt', ' Leandro Bolmaro', ' Micah Potter']","['Jason Preston', ' Moussa Diabate', ' Kawhi Leonard', ' Luke Kennard']",0.7272727272727273,0.5,Clippers,2022-11-06,Jazz
Wizards,Hornets,"['Bradley Beal', ' Jordan Schakel', ' Delon Wright', ' Vernon Carey Jr.', ' Isaiah Todd']","['Gordon Hayward', ' LaMelo Ball', ' Cody Martin']",0.45454545454545453,0.2727272727272727,Hornets,2022-11-07,Wizards
Rockets,Magic,"[""Jae'Sean Tate"", ' Darius Days', ' Trevor Hudgins', ' Bruno Fernando']","['Markelle Fultz', ' Gary Harris', ' Moritz Wagner', ' Jonathan Isaac', ' Cole Anthony']",0.18181818181818182,0.18181818181818182,Magic,2022-11-07,Rockets
Thunder,Pistons,"['Aleksej Pokusevski', ' Chet Holmgren', ' Eugene Omoruyi']","['Marvin Bagley III', ' Buddy Boeheim', ' Alec Burks', ' Braxton Key']",0.4,0.2727272727272727,Pistons,2022-11-07,Pistons
Pelicans,Pacers,"['Dereon Seabron', ' Kira Lewis Jr.', ' Garrett Temple', ' E.J. Liddell']","['Chris Duarte', ' Kendall Brown', ' Daniel Theis']",0.5,0.5,Pacers,2022-11-07,Pacers
Suns,76ers,"['Cameron Johnson', ' Duane Washington Jr.', ' Ish Wainright', ' Jae Crowder']","['Julian Champagnie', ' Michael Foster Jr.', ' Danuel House Jr.']",0.7,0.45454545454545453,76ers,2022-11-07,76ers
Bucks,Hawks,"['Joe Ingles', ' AJ Green', ' Pat Connaughton', ' Khris Middleton']",['Bogdan Bogdanovic'],0.9,0.7,Hawks,2022-11-07,Hawks
Trail Blazers,Heat,"['Gary Payton II', ' Olivier Sarr', ' John Butler Jr.']","['Udonis Haslem', ' Victor Oladipo', ' Tyler Herro', ' Jamal Cain', ' Omer Yurtseven']",0.7,0.36363636363636365,Heat,2022-11-07,Trail Blazers
Raptors,Bulls,"['Ron Harper Jr.', ' Khem Birch', ' Jeff Dowtin Jr.', ' Pascal Siakam', ' Justin Champagnie']","['Lonzo Ball', ' Andre Drummond', ' Coby White', ' Kostas Antetokounmpo', ' Marko Simonovic']",0.5454545454545454,0.5,Bulls,2022-11-07,Bulls
Celtics,Grizzlies,"['Luke Kornet', ' JD Davison', ' Danilo Gallinari', ' Robert Williams III']","['Ziaire Williams', ' Jaren Jackson Jr.', ' Danny Green', ' Steven Adams', ' Kenneth Lofton Jr.']",0.7,0.6363636363636364,Grizzlies,2022-11-07,Celtics
Knicks,Timberwolves,"['Mitchell Robinson', ' Feron Hunt', ' Quentin Grimes', ' Trevor Keels']","['Rudy Gobert', ' Josh Minott', ' Luka Garza', ' Wendell Moore Jr.']",0.5,0.45454545454545453,Timberwolves,2022-11-07,Knicks
Nuggets,Spurs,"['Collin Gillespie', ' Ish Smith', ' Zeke Nnaji', ' Jack White', ' Peyton Watson']","['Blake Wesley', ' Romeo Langford', ' Dominick Barlow', ' Zach Collins']",0.7,0.45454545454545453,Spurs,2022-11-07,Nuggets
Nets,Mavericks,"['T.J. Warren', ' Kessler Edwards', ' Kyrie Irving', ' Alondes Williams']","['Tyler Dorsey', ' Davis Bertans', ' McKinley Wright IV']",0.36363636363636365,0.6666666666666666,Mavericks,2022-11-07,Mavericks
Kings,Warriors,"['Neemias Queta', ' Keon Ellis']","['Donte DiVincenzo', ' Patrick Baldwin Jr.', ' Ryan Rollins', ' Andre Iguodala']",0.3333333333333333,0.36363636363636365,Warriors,2022-11-07,Warriors
Lakers,Jazz,"['Thomas Bryant', ' LeBron James', ' Dennis Schroder', ' Cole Swider', ' Lonnie Walker IV', ' Patrick Beverley']","['Johnny Juzang', ' Jarred Vanderbilt', ' Micah Potter']",0.2,0.75,Jazz,2022-11-07,Jazz
Cavaliers,Clippers,"['Ricky Rubio', ' Dylan Windler', ' Isaiah Mobley']","['Moussa Diabate', ' Kawhi Leonard', ' John Wall']",0.8,0.5454545454545454,Clippers,2022-11-07,Clippers
Mavericks,Magic,"['Christian Wood', ' Tyler Dorsey', ' Davis Bertans', ' McKinley Wright IV']","['Markelle Fultz', ' Kevon Harris', ' Gary Harris', ' Moritz Wagner', ' Cole Anthony', ' Jonathan Isaac']",0.6,0.25,Magic,2022-11-09,Magic
Trail Blazers,Hornets,"['Jerami Grant', ' Keon Johnson', ' Gary Payton II', ' Olivier Sarr']","['Gordon Hayward', ' LaMelo Ball', ' Cody Martin']",0.7272727272727273,0.25,Hornets,2022-11-09,Trail Blazers
Nuggets,Pacers,"['Collin Gillespie', ' Ish Smith', ' Jack White', ' Peyton Watson']","['Chris Duarte', ' Kendall Brown', ' Trevelin Queen', ' Daniel Theis']",0.7272727272727273,0.45454545454545453,Pacers,2022-11-09,Nuggets
Jazz,Hawks,"['Johnny Juzang', ' Ochai Agbaji', ' Leandro Bolmaro', ' Micah Potter']","['Bogdan Bogdanovic', ' Trent Forrest']",0.7692307692307693,0.6363636363636364,Hawks,2022-11-09,Jazz
Pistons,Celtics,"['Marvin Bagley III', ' Buddy Boeheim', ' Alec Burks', ' Braxton Key']","['JD Davison', ' Danilo Gallinari', ' Robert Williams III']",0.25,0.7272727272727273,Celtics,2022-11-09,Celtics
Knicks,Nets,"['Mitchell Robinson', ' Feron Hunt', ' Trevor Keels']","['Yuta Watanabe', ' T.J. Warren', ' Kyrie Irving', ' Alondes Williams']",0.45454545454545453,0.4166666666666667,Nets,2022-11-09,Nets
Rockets,Raptors,"[""Jae'Sean Tate"", ' Darius Days', ' Trevor Hudgins', ' Bruno Fernando']","['Khem Birch', ' Pascal Siakam', ' Justin Champagnie']",0.16666666666666666,0.5833333333333334,Raptors,2022-11-09,Raptors
Pelicans,Bulls,"['Dereon Seabron', ' Kira Lewis Jr.', ' Garrett Temple', ' E.J. Liddell', ' Larry Nance Jr.']","['Lonzo Ball', ' Coby White', ' Malcolm Hill', ' Kostas Antetokounmpo', ' Marko Simonovic']",0.5454545454545454,0.46153846153846156,Bulls,2022-11-09,Pelicans
Suns,Timberwolves,"['Cameron Johnson', ' Ish Wainright', ' Jae Crowder']","['Josh Minott', ' Luka Garza', ' Wendell Moore Jr.']",0.7272727272727273,0.4166666666666667,Timberwolves,2022-11-09,Suns
Bucks,Thunder,"['Jrue Holiday', ' Joe Ingles', ' AJ Green', ' Pat Connaughton', ' Giannis Antetokounmpo', ' Khris Middleton']","['Jaylin Williams', ' Lindy Waters III', ' Chet Holmgren', ' Eugene Omoruyi', ' Ousmane Dieng']",0.9090909090909091,0.36363636363636365,Thunder,2022-11-09,Bucks
Grizzlies,Spurs,"['Ziaire Williams', ' Jaren Jackson Jr.', ' Danny Green', ' Kenneth Lofton Jr.']","['Blake Wesley', ' Dominick Barlow', ' Malaki Branham', ' Zach Collins']",0.6666666666666666,0.4166666666666667,Spurs,2022-11-09,Grizzlies
Lakers,Clippers,"['Scotty Pippen Jr.', ' Thomas Bryant', ' Dennis Schroder', ' Cole Swider', ' Lonnie Walker IV']","['Jason Preston', ' Brandon Boston Jr.', ' Moussa Diabate', ' Kawhi Leonard']",0.18181818181818182,0.5833333333333334,Clippers,2022-11-09,Clippers
Cavaliers,Kings,"['Ricky Rubio', ' Dylan Windler', ' Mamadi Diakite', ' Isaiah Mobley']","['Neemias Queta', ' Keon Ellis']",0.7272727272727273,0.4,Kings,2022-11-09,Kings
Mavericks,Wizards,"['Tyler Dorsey', ' McKinley Wright IV']","['Bradley Beal', ' Jordan Schakel', ' Delon Wright', ' Kristaps Porzingis', ' Isaiah Todd']",0.5454545454545454,0.5,Wizards,2022-11-10,Wizards
76ers,Hawks,"['Jaden Springer', ' Julian Champagnie', ' James Harden', ' Michael Foster Jr.']","['Jarrett Culver', ' Bogdan Bogdanovic']",0.4166666666666667,0.6666666666666666,Hawks,2022-11-10,Hawks
Hornets,Heat,"['Gordon Hayward', ' LaMelo Ball', ' Cody Martin']","['Victor Oladipo', ' Tyler Herro', ' Jamal Cain', ' Omer Yurtseven']",0.23076923076923078,0.4166666666666667,Heat,2022-11-10,Heat
Trail Blazers,Pelicans,"['Shaedon Sharpe', ' Damian Lillard', ' Gary Payton II', ' Olivier Sarr']","['Dereon Seabron', ' Kira Lewis Jr.', ' E.J. Liddell']",0.75,0.5,Pelicans,2022-11-10,Trail Blazers
Nuggets,Celtics,"['Collin Gillespie', ' Ish Smith', ' Jack White', ' Peyton Watson']","['Malcolm Brogdon', ' Mfiondu Kabengele', ' Danilo Gallinari', ' Robert Williams III']",0.6666666666666666,0.75,Celtics,2022-11-11,Celtics
Suns,Magic,"['Cameron Johnson', ' Ish Wainright', ' Landry Shamet', ' Jae Crowder']","['Paolo Banchero', ' Gary Harris', ' Moritz Wagner', ' Markelle Fultz', ' Jonathan Isaac', ' Cole Anthony']",0.6666666666666666,0.3076923076923077,Magic,2022-11-11,Magic
Pistons,Knicks,"['Marvin Bagley III', ' Buddy Boeheim', ' Cade Cunningham', ' Braxton Key']","['Feron Hunt', ' Trevor Keels']",0.23076923076923078,0.5,Knicks,2022-11-11,Knicks
Raptors,Thunder,"['Ron Harper Jr.', ' Jeff Dowtin Jr.', ' Pascal Siakam', ' Precious Achiuwa', ' Justin Champagnie']","['Jaylin Williams', ' Darius Bazley', ' Ousmane Dieng', ' Lindy Waters III', ' Chet Holmgren']",0.5384615384615384,0.4166666666666667,Thunder,2022-11-11,Thunder
Bucks,Spurs,"['Jrue Holiday', ' Joe Ingles', ' AJ Green', ' Pat Connaughton', ' Giannis Antetokounmpo', ' Khris Middleton']","['Blake Wesley', ' Dominick Barlow', ' Malaki Branham', ' Zach Collins']",0.8333333333333334,0.46153846153846156,Spurs,2022-11-11,Spurs
Timberwolves,Grizzlies,"['Naz Reid', ' Josh Minott', ' Wendell Moore Jr.']","['Ziaire Williams', ' Jaren Jackson Jr.', ' Danny Green', ' Kenneth Lofton Jr.']",0.38461538461538464,0.6923076923076923,Grizzlies,2022-11-11,Grizzlies
Cavaliers,Warriors,"['Ricky Rubio', ' Dean Wade', ' Dylan Windler', ' Mamadi Diakite', ' Isaiah Mobley']","['Patrick Baldwin Jr.', ' Ryan Rollins', ' Andre Iguodala']",0.6666666666666666,0.4166666666666667,Warriors,2022-11-11,Warriors
Kings,Lakers,"['Neemias Queta', ' Chima Moneke', ' Keon Ellis']","['Scotty Pippen Jr.', ' Thomas Bryant', ' LeBron James', ' Dennis Schroder', ' Cole Swider']",0.45454545454545453,0.16666666666666666,Lakers,2022-11-11,Kings
Nets,Clippers,"['Yuta Watanabe', ' T.J. Warren', ' Kyrie Irving', ' Alondes Williams']","['Jason Preston', ' Brandon Boston Jr.', ' Moussa Diabate', ' Kawhi Leonard']",0.46153846153846156,0.5384615384615384,Clippers,2022-11-12,Nets
Jazz,Wizards,"['Johnny Juzang', ' Ochai Agbaji', ' Leandro Bolmaro', ' Micah Potter']","['Bradley Beal', ' Delon Wright', ' Johnny Davis', ' Jordan Schakel', ' Isaiah Todd', ' Taj Gibson']",0.7142857142857143,0.5384615384615384,Wizards,2022-11-12,Wizards
Celtics,Pistons,"['Malcolm Brogdon', ' Mfiondu Kabengele', ' JD Davison', ' Danilo Gallinari', ' Al Horford', ' Robert Williams III']","['Buddy Boeheim', ' Cade Cunningham', ' Alec Burks', ' Braxton Key']",0.7692307692307693,0.21428571428571427,Pistons,2022-11-12,Celtics
Raptors,Pacers,"['Ron Harper Jr.', ' Pascal Siakam', ' Fred VanVleet', ' Justin Champagnie', ' Precious Achiuwa']","['Chris Duarte', ' Kendall Brown', ' Daniel Theis', ' Trevelin Queen']",0.5,0.5,Pacers,2022-11-12,Pacers
Hawks,76ers,"['Onyeka Okongwu', ' Bogdan Bogdanovic']","['Julian Champagnie', ' James Harden', ' Michael Foster Jr.']",0.6153846153846154,0.46153846153846156,76ers,2022-11-12,76ers
Hornets,Heat,"['Mark Williams', ' Bryce McGowens', ' Dennis Smith Jr.', ' Cody Martin', ' Gordon Hayward']","['Victor Oladipo', ' Dru Smith', ' Tyler Herro', ' Omer Yurtseven']",0.21428571428571427,0.46153846153846156,Heat,2022-11-12,Heat
Trail Blazers,Mavericks,"['Keon Johnson', ' Gary Payton II', ' Justise Winslow', ' Olivier Sarr']","['Tyler Dorsey', ' Davis Bertans', ' McKinley Wright IV', ' Jaden Hardy']",0.6923076923076923,0.5833333333333334,Mavericks,2022-11-12,Mavericks
Rockets,Pelicans,"[""Jae'Sean Tate"", ' TyTy Washington Jr.', ' Darius Days', ' Trevor Hudgins', ' Bruno Fernando']","['Dereon Seabron', ' Kira Lewis Jr.', ' E.J. Liddell']",0.15384615384615385,0.5384615384615384,Pelicans,2022-11-12,Pelicans
Thunder,Knicks,"['Darius Bazley', ' Ousmane Dieng', ' Chet Holmgren', ' Eugene Omoruyi']","['Mitchell Robinson', ' Feron Hunt', ' Trevor Keels']",0.46153846153846156,0.46153846153846156,Knicks,2022-11-13,Thunder
Timberwolves,Cavaliers,"['Naz Reid', ' Josh Minott', ' Wendell Moore Jr.']","['Jarrett Allen', ' Ricky Rubio', ' Dean Wade', ' Dylan Windler', ' Donovan Mitchell']",0.42857142857142855,0.6153846153846154,Cavaliers,2022-11-13,Timberwolves
Grizzlies,Wizards,"['Ziaire Williams', ' Jaren Jackson Jr.', ' Ja Morant', ' Desmond Bane', ' Danny Green', ' Kenneth Lofton Jr.']","['Bradley Beal', ' Delon Wright', ' Taj Gibson']",0.6428571428571429,0.5714285714285714,Wizards,2022-11-13,Wizards
Jazz,76ers,"['Johnny Juzang', ' Ochai Agbaji', ' Leandro Bolmaro', ' Micah Potter']","['Julian Champagnie', ' James Harden', ' Michael Foster Jr.']",0.6666666666666666,0.5,76ers,2022-11-13,76ers
Nuggets,Bulls,"['Bones Hyland', ' Collin Gillespie', ' Ish Smith', ' Jack White', ' Peyton Watson']","['Lonzo Ball', ' Coby White', ' Malcolm Hill', ' Kostas Antetokounmpo', ' Marko Simonovic']",0.6923076923076923,0.42857142857142855,Bulls,2022-11-13,Nuggets
Warriors,Kings,"['Ty Jerome', ' Patrick Baldwin Jr.', ' Andre Iguodala']","['Neemias Queta', ' Keon Ellis', ' Chima Moneke']",0.38461538461538464,0.5,Kings,2022-11-13,Kings
Nets,Lakers,"['Seth Curry', ' T.J. Warren', ' Kyrie Irving', ' Alondes Williams']","['Scotty Pippen Jr.', ' Thomas Bryant', ' LeBron James', ' Dennis Schroder', ' Cole Swider']",0.42857142857142855,0.23076923076923078,Lakers,2022-11-13,Lakers
Raptors,Pistons,"['Ron Harper Jr.', ' Pascal Siakam', ' Precious Achiuwa', ' Fred VanVleet', ' Justin Champagnie']","['Buddy Boeheim', ' Braxton Key', ' Cory Joseph', ' Cade Cunningham']",0.5333333333333333,0.2,Pistons,2022-11-14,Raptors
Hornets,Magic,"['Dennis Smith Jr.', ' Gordon Hayward', ' Mark Williams', ' Cody Martin', ' Bryce McGowens']","['Paolo Banchero', ' Gary Harris', ' Moritz Wagner', ' Markelle Fultz', ' Jonathan Isaac', ' Cole Anthony']",0.26666666666666666,0.2857142857142857,Magic,2022-11-14,Hornets
Thunder,Celtics,"['Darius Bazley', ' Ousmane Dieng', ' Chet Holmgren', ' Tre Mann', ' Eugene Omoruyi']","['Malcolm Brogdon', ' Mfiondu Kabengele', ' JD Davison', ' Danilo Gallinari', ' Robert Williams III']",0.42857142857142855,0.7857142857142857,Celtics,2022-11-14,Celtics
Suns,Heat,"['Cameron Johnson', ' Jae Crowder', ' Landry Shamet']","['Victor Oladipo', ' Orlando Robinson', ' Tyler Herro', ' Omer Yurtseven']",0.6153846153846154,0.5,Heat,2022-11-14,Heat
Clippers,Rockets,"['Brandon Boston Jr.', ' Jason Preston', ' Moussa Diabate', ' Kawhi Leonard']","[""Jae'Sean Tate"", ' Darius Days', ' Bruno Fernando']",0.5714285714285714,0.14285714285714285,Rockets,2022-11-14,Clippers
Hawks,Bucks,"['Bogdan Bogdanovic', ' Trent Forrest']","['Jrue Holiday', ' Joe Ingles', ' AJ Green', ' Pat Connaughton', ' Khris Middleton']",0.6428571428571429,0.7692307692307693,Bucks,2022-11-14,Hawks
Spurs,Warriors,"['Blake Wesley', ' Malaki Branham', ' Zach Collins', ' Dominick Barlow', ' Tre Jones', ' Romeo Langford']","['Patrick Baldwin Jr.', ' Andre Iguodala', ' Ty Jerome', ' Klay Thompson']",0.42857142857142855,0.42857142857142855,Warriors,2022-11-14,Warriors
Grizzlies,Pelicans,"['Ziaire Williams', ' Desmond Bane', ' Danny Green', ' Vince Williams Jr.', ' Kenneth Lofton Jr.']","['Dereon Seabron', ' Kira Lewis Jr.', ' Zion Williamson', ' E.J. Liddell']",0.6,0.5714285714285714,Pelicans,2022-11-15,Pelicans
Clippers,Mavericks,"['Jason Preston', ' Brandon Boston Jr.', ' Moussa Diabate', ' Kawhi Leonard']","['JaVale McGee', ' Tyler Dorsey', ' Davis Bertans', ' McKinley Wright IV', ' Jaden Hardy']",0.5333333333333333,0.6153846153846154,Mavericks,2022-11-15,Mavericks
Knicks,Jazz,"['Mitchell Robinson', ' Feron Hunt', ' Trevor Keels']","['Johnny Juzang', ' Micah Potter', ' Rudy Gay']",0.5,0.625,Jazz,2022-11-15,Knicks
Spurs,Trail Blazers,"['Blake Wesley', ' Romeo Langford', ' Dominick Barlow', ' Malaki Branham', ' Zach Collins']","['Keon Johnson', ' Gary Payton II', ' Olivier Sarr', ' John Butler Jr.']",0.4,0.7142857142857143,Trail Blazers,2022-11-15,Trail Blazers
Nets,Kings,"['T.J. Warren', ' Kyrie Irving', ' Alondes Williams']","['Neemias Queta', ' Keon Ellis', ' Chima Moneke']",0.4,0.5384615384615384,Kings,2022-11-15,Kings
Pacers,Hornets,"['Chris Duarte', ' Kendall Brown', ' Daniel Theis', ' Trevelin Queen']","['Dennis Smith Jr.', ' Gordon Hayward', ' Mark Williams', ' Cody Martin']",0.5384615384615384,0.25,Hornets,2022-11-16,Pacers
Timberwolves,Magic,"['Josh Minott', ' Luka Garza', ' Wendell Moore Jr.']","['Paolo Banchero', ' Gary Harris', ' Moritz Wagner', ' Markelle Fultz', ' Jonathan Isaac', ' Cole Anthony']",0.4666666666666667,0.26666666666666666,Magic,2022-11-16,Timberwolves
Thunder,Wizards,"['Darius Bazley', ' Ousmane Dieng', ' Chet Holmgren', ' Tre Mann', ' Eugene Omoruyi']","['Delon Wright', ' Jordan Schakel', ' Johnny Davis', ' Vernon Carey Jr.', ' Isaiah Todd']",0.4666666666666667,0.5333333333333333,Wizards,2022-11-16,Thunder
Celtics,Hawks,"['Malcolm Brogdon', ' Mfiondu Kabengele', ' Danilo Gallinari', ' Marcus Smart', ' Robert Williams III']","['Jarrett Culver', ' Bogdan Bogdanovic']",0.8,0.6,Hawks,2022-11-16,Celtics
Heat,Raptors,"['Udonis Haslem', ' Victor Oladipo', ' Tyler Herro', ' Omer Yurtseven']","['Ron Harper Jr.', ' Pascal Siakam', ' Gary Trent Jr.', ' Otto Porter Jr.', ' Precious Achiuwa']",0.4666666666666667,0.5625,Raptors,2022-11-16,Raptors
Cavaliers,Bucks,"['Jarrett Allen', ' Ricky Rubio', ' Dean Wade', ' Dylan Windler']","['Joe Ingles', ' Jrue Holiday', ' Khris Middleton', ' Pat Connaughton', ' Wesley Matthews', ' Grayson Allen']",0.5714285714285714,0.7857142857142857,Bucks,2022-11-16,Bucks
Bulls,Pelicans,"['Lonzo Ball', ' Coby White', ' Malcolm Hill', ' Kostas Antetokounmpo', ' Marko Simonovic']","['Dereon Seabron', ' Kira Lewis Jr.', ' E.J. Liddell', ' Zion Williamson']",0.4,0.6,Pelicans,2022-11-16,Pelicans
Rockets,Mavericks,"[""Jae'Sean Tate"", ' TyTy Washington Jr.', ' Darius Days', ' Trevor Hudgins', ' Bruno Fernando']","['JaVale McGee', ' Tyler Dorsey', ' McKinley Wright IV', ' Maxi Kleber', ' Luka Doncic', ' Jaden Hardy']",0.2,0.5714285714285714,Mavericks,2022-11-16,Rockets
Knicks,Nuggets,"['Feron Hunt', ' Mitchell Robinson', ' Trevor Keels']","['Nikola Jokic', ' Collin Gillespie', ' Aaron Gordon', ' Ish Smith']",0.5333333333333333,0.6428571428571429,Nuggets,2022-11-16,Knicks
Warriors,Suns,"['Ty Jerome', ' Patrick Baldwin Jr.', ' Ryan Rollins', ' James Wiseman', ' Andre Iguodala']","['Cameron Johnson', ' Landry Shamet', ' Jae Crowder']",0.4,0.6428571428571429,Suns,2022-11-16,Suns
Nets,Trail Blazers,"['T.J. Warren', ' Kyrie Irving', ' Alondes Williams']","['Gary Payton II', ' Olivier Sarr', ' John Butler Jr.', ' Greg Brown III']",0.4375,0.6666666666666666,Trail Blazers,2022-11-17,Nets
Spurs,Kings,"['Blake Wesley', ' Romeo Langford', ' Dominick Barlow', ' Malaki Branham', ' Doug McDermott', ' Zach Collins']","['Richaun Holmes', ' Neemias Queta', ' Keegan Murray']",0.375,0.5714285714285714,Kings,2022-11-17,Kings
Pistons,Clippers,"['Isaiah Stewart', ' Buddy Boeheim', ' Cade Cunningham']","['Moussa Diabate', ' Luke Kennard']",0.1875,0.5625,Clippers,2022-11-17,Clippers
Heat,Wizards,"['Udonis Haslem', ' Victor Oladipo', ' Tyler Herro', ' Dewayne Dedmon', ' Omer Yurtseven']","['Delon Wright', ' Johnny Davis', ' Jordan Schakel', ' Jordan Goodwin', ' Vernon Carey Jr.']",0.4375,0.5625,Wizards,2022-11-18,Wizards
Hornets,Cavaliers,"['Dennis Smith Jr.', ' LaMelo Ball', ' Mark Williams', ' Cody Martin']","['Ricky Rubio', ' Dean Wade', ' Dylan Windler', ' Mamadi Diakite']",0.23529411764705882,0.6,Cavaliers,2022-11-18,Cavaliers
Bucks,76ers,"['Joe Ingles', ' Khris Middleton', ' Pat Connaughton', ' Wesley Matthews']","['Jaden Springer', ' James Harden', ' Michael Foster Jr.']",0.7333333333333333,0.5333333333333333,76ers,2022-11-18,76ers
Magic,Bulls,"['Paolo Banchero', ' Moritz Wagner', ' Markelle Fultz', ' Jonathan Isaac', ' Cole Anthony']","['Lonzo Ball', ' Dalen Terry', ' Malcolm Hill', ' Kostas Antetokounmpo', ' Marko Simonovic']",0.3125,0.375,Bulls,2022-11-18,Magic
Pacers,Rockets,"['Chris Duarte', ' Kendall Brown', ' Trevelin Queen', ' Daniel Theis']","[""Jae'Sean Tate"", ' TyTy Washington Jr.', ' Darius Days', ' Trevor Hudgins', ' Bruno Fernando', ' Kevin Porter Jr.']",0.5714285714285714,0.1875,Rockets,2022-11-18,Pacers
Thunder,Grizzlies,"['Darius Bazley', ' Ousmane Dieng', ' Isaiah Joe', ' Chet Holmgren', ' Tre Mann', ' Eugene Omoruyi']","['Ziaire Williams', ' Desmond Bane', ' Danny Green', ' Vince Williams Jr.', ' Kenneth Lofton Jr.']",0.4375,0.625,Grizzlies,2022-11-18,Grizzlies
Nuggets,Mavericks,"['Nikola Jokic', ' Collin Gillespie', ' Aaron Gordon', ' Ish Smith', ' Jamal Murray']","['Tyler Dorsey', ' McKinley Wright IV', ' Maxi Kleber', ' Jaden Hardy']",0.6,0.6,Mavericks,2022-11-18,Mavericks
Celtics,Pelicans,"['Marcus Smart', ' Mfiondu Kabengele', ' JD Davison', ' Danilo Gallinari', ' Robert Williams III']","['Dereon Seabron', ' Kira Lewis Jr.', ' E.J. Liddell', ' Zion Williamson']",0.8125,0.5625,Pelicans,2022-11-18,Celtics
Suns,Jazz,"['Cameron Johnson', ' Landry Shamet', ' Jae Crowder']","['Johnny Juzang', ' Ochai Agbaji', ' Leandro Bolmaro', ' Micah Potter', ' Rudy Gay']",0.6,0.6470588235294118,Jazz,2022-11-18,Jazz
Knicks,Warriors,"['Feron Hunt', ' Mitchell Robinson', ' Trevor Keels']","['Ty Jerome', ' Patrick Baldwin Jr.', ' Ryan Rollins', ' James Wiseman', ' Andre Iguodala']",0.5,0.4375,Warriors,2022-11-18,Warriors
Pistons,Lakers,"['Cade Cunningham', ' Isaiah Stewart', ' Buddy Boeheim']","['Scotty Pippen Jr.', ' Juan Toscano-Anderson', ' Max Christie', ' Cole Swider']",0.17647058823529413,0.2857142857142857,Lakers,2022-11-18,Lakers
Raptors,Hawks,"['Chris Boucher', ' Pascal Siakam', ' Gary Trent Jr.', ' Precious Achiuwa', ' Justin Champagnie']","['Jarrett Culver', ' Bogdan Bogdanovic', ' Tyrese Martin', ' Trent Forrest']",0.5294117647058824,0.625,Hawks,2022-11-19,Hawks
Magic,Pacers,"['Paolo Banchero', ' Moritz Wagner', ' Markelle Fultz', ' Jonathan Isaac', ' Cole Anthony']","['Chris Duarte', ' Kendall Brown', ' Daniel Theis', ' Trevelin Queen']",0.29411764705882354,0.6,Pacers,2022-11-19,Pacers
Timberwolves,76ers,"['Josh Minott', ' Luka Garza', ' Wendell Moore Jr.']","['Jaden Springer', ' Furkan Korkmaz', ' Tyrese Maxey', ' James Harden', ' Michael Foster Jr.']",0.5,0.5,76ers,2022-11-19,Timberwolves
Jazz,Trail Blazers,"['Johnny Juzang', ' Ochai Agbaji', ' Leandro Bolmaro', ' Micah Potter', ' Rudy Gay']","['Ibou Badji', ' Gary Payton II', ' Greg Brown III', ' John Butler Jr.']",0.6666666666666666,0.625,Trail Blazers,2022-11-19,Jazz
Spurs,Clippers,"['Blake Wesley', ' Devin Vassell', ' Romeo Langford', ' Zach Collins']","['Jason Preston', ' Brandon Boston Jr.', ' Moussa Diabate', ' Luke Kennard']",0.35294117647058826,0.5882352941176471,Clippers,2022-11-19,Clippers
Knicks,Suns,"['Cam Reddish', ' Feron Hunt', ' Trevor Keels']","['Cameron Johnson', ' Landry Shamet', ' Jae Crowder']",0.47058823529411764,0.625,Suns,2022-11-20,Suns
Hornets,Wizards,"['LaMelo Ball', ' Cody Martin']","['Delon Wright', ' Jordan Schakel', ' Rui Hachimura', ' Monte Morris']",0.2222222222222222,0.5882352941176471,Wizards,2022-11-20,Wizards
Pistons,Kings,"['Cade Cunningham', ' Isaiah Stewart', ' Saddiq Bey', ' Buddy Boeheim']","['Neemias Queta', ' Keon Ellis']",0.16666666666666666,0.6,Kings,2022-11-20,Kings
Grizzlies,Nets,"['Ziaire Williams', ' Jaren Jackson Jr.', ' Ja Morant', ' Desmond Bane', ' Danny Green', ' Kenneth Lofton Jr.']","['Nic Claxton', ' T.J. Warren', ' Alondes Williams']",0.5882352941176471,0.47058823529411764,Nets,2022-11-20,Nets
Heat,Cavaliers,"['Udonis Haslem', ' Victor Oladipo', ' Jimmy Butler', ' Tyler Herro', ' Omer Yurtseven']","['Ricky Rubio', ' Dean Wade', ' Dylan Windler', ' Kevin Love']",0.4117647058823529,0.625,Cavaliers,2022-11-20,Cavaliers
Warriors,Rockets,"['Patrick Baldwin Jr.', ' Ryan Rollins', ' James Wiseman', ' Andre Iguodala']","[""Jae'Sean Tate"", ' TyTy Washington Jr.', ' Darius Days', ' Trevor Hudgins', ' Bruno Fernando']",0.47058823529411764,0.17647058823529413,Rockets,2022-11-20,Warriors
Nuggets,Mavericks,"['Nikola Jokic', ' Collin Gillespie', ' Aaron Gordon', ' Ish Smith', ' Jamal Murray']","['Tyler Dorsey', ' McKinley Wright IV', ' Maxi Kleber']",0.625,0.5625,Mavericks,2022-11-20,Nuggets
Spurs,Lakers,"['Blake Wesley', ' Romeo Langford', ' Jakob Poeltl', ' Zach Collins']","['Scotty Pippen Jr.', ' Juan Toscano-Anderson', ' Max Christie', ' LeBron James', ' Cole Swider']",0.3333333333333333,0.3333333333333333,Lakers,2022-11-20,Lakers
Hawks,Cavaliers,"['Jarrett Culver', ' Bogdan Bogdanovic', "" De'Andre Hunter"", ' Tyrese Martin', ' Trent Forrest']","['Ricky Rubio', ' Dean Wade', ' Dylan Windler', ' Isaiah Mobley', ' Caris LeVert']",0.5882352941176471,0.6470588235294118,Cavaliers,2022-11-21,Cavaliers
Magic,Pacers,"['Paolo Banchero', ' Wendell Carter Jr.', ' Moritz Wagner', ' Markelle Fultz', ' Jonathan Isaac', ' Cole Anthony']","['Chris Duarte', ' Kendall Brown', ' Daniel Theis', ' Trevelin Queen']",0.2777777777777778,0.625,Pacers,2022-11-21,Pacers
Celtics,Bulls,"['Mfiondu Kabengele', ' JD Davison', ' Danilo Gallinari', ' Robert Williams III']","['Lonzo Ball', ' Malcolm Hill', ' Kostas Antetokounmpo', ' Marko Simonovic']",0.7647058823529411,0.4117647058823529,Bulls,2022-11-21,Bulls
Trail Blazers,Bucks,"['Ibou Badji', ' Keon Johnson', ' Gary Payton II', ' Greg Brown III']","['Joe Ingles', ' Khris Middleton', ' Wesley Matthews']",0.5882352941176471,0.75,Bucks,2022-11-21,Bucks
Heat,Timberwolves,"['Udonis Haslem', ' Victor Oladipo', ' Jimmy Butler', ' Tyler Herro', ' Omer Yurtseven']","['Luka Garza', ' A.J. Lawson']",0.3888888888888889,0.5294117647058824,Timberwolves,2022-11-21,Timberwolves
Warriors,Pelicans,"['Draymond Green', ' James Wiseman', ' Klay Thompson', ' Andre Iguodala', ' Stephen Curry']","['Dereon Seabron', ' Kira Lewis Jr.', ' E.J. Liddell', ' Trey Murphy III']",0.4444444444444444,0.5882352941176471,Pelicans,2022-11-21,Pelicans
Knicks,Thunder,"['Cam Reddish', ' Feron Hunt', ' Derrick Rose', ' Trevor Keels']","['Ousmane Dieng', ' Aleksej Pokusevski', ' Chet Holmgren']",0.5,0.4117647058823529,Thunder,2022-11-21,Knicks
Jazz,Clippers,"['Johnny Juzang', ' Ochai Agbaji', ' Leandro Bolmaro', ' Micah Potter', ' Mike Conley', ' Rudy Gay']","['Jason Preston', ' Brandon Boston Jr.', ' Paul George', ' Moussa Diabate', ' Luke Kennard']",0.631578947368421,0.6111111111111112,Clippers,2022-11-21,Clippers
Nets,76ers,"['Yuta Watanabe', ' T.J. Warren', ' Alondes Williams']","['Jaden Springer', ' Tyrese Maxey', ' Joel Embiid', ' James Harden']",0.4444444444444444,0.5294117647058824,76ers,2022-11-22,76ers
Kings,Grizzlies,"['Neemias Queta', ' Keon Ellis']","['Ziaire Williams', ' Desmond Bane', ' Danny Green', ' Vince Williams Jr.', ' Kenneth Lofton Jr.']",0.625,0.5555555555555556,Grizzlies,2022-11-22,Kings
Pistons,Nuggets,"['Buddy Boeheim', ' Cade Cunningham', ' Isaiah Stewart', ' Saddiq Bey']","['Collin Gillespie', ' Ish Smith', ' Peyton Watson', ' Jeff Green']",0.21052631578947367,0.5882352941176471,Nuggets,2022-11-22,Pistons
Lakers,Suns,"['Scotty Pippen Jr.', ' Juan Toscano-Anderson', ' LeBron James', ' Cole Swider', ' Max Christie']","['Cameron Johnson', ' Landry Shamet', ' Jae Crowder']",0.3125,0.6470588235294118,Suns,2022-11-22,Suns
76ers,Hornets,"['Jaden Springer', ' Tyrese Maxey', ' Joel Embiid', ' James Harden', ' Saben Lee']","['LaMelo Ball', ' Cody Martin']",0.5,0.2631578947368421,Hornets,2022-11-23,Hornets
Trail Blazers,Cavaliers,"['Ibou Badji', ' Keon Johnson', ' Gary Payton II', ' Greg Brown III']","['Ricky Rubio', ' Dylan Windler', ' Mamadi Diakite', ' Kevin Love', ' Caris LeVert']",0.5555555555555556,0.6666666666666666,Cavaliers,2022-11-23,Cavaliers
Timberwolves,Pacers,"['A.J. Lawson', ' Jordan McLaughlin']","['Chris Duarte', ' Daniel Theis', ' Trevelin Queen']",0.5555555555555556,0.5882352941176471,Pacers,2022-11-23,Timberwolves
Kings,Hawks,"['Neemias Queta', ' Chima Moneke']","['Jarrett Culver', ' Bogdan Bogdanovic', ' Tyrese Martin']",0.5882352941176471,0.6111111111111112,Hawks,2022-11-23,Hawks
Mavericks,Celtics,"['Jaden Hardy', ' Tyler Dorsey', ' McKinley Wright IV', ' Maxi Kleber']","['Danilo Gallinari', ' JD Davison', ' Robert Williams III']",0.5294117647058824,0.7777777777777778,Celtics,2022-11-23,Celtics
Wizards,Heat,"['Bradley Beal', ' Delon Wright', ' Rui Hachimura', ' Monte Morris']","['Duncan Robinson', ' Max Strus', ' Victor Oladipo', ' Jimmy Butler', ' Omer Yurtseven']",0.5555555555555556,0.42105263157894735,Heat,2022-11-23,Heat
Nets,Raptors,"['Yuta Watanabe', ' Seth Curry', ' T.J. Warren', ' Alondes Williams']","['Pascal Siakam', ' Precious Achiuwa', ' Scottie Barnes', ' Fred VanVleet', ' Otto Porter Jr.']",0.47368421052631576,0.5,Raptors,2022-11-23,Nets
Bulls,Bucks,"['Lonzo Ball', ' Goran Dragic']","['Joe Ingles', ' Khris Middleton']",0.4444444444444444,0.7058823529411765,Bucks,2022-11-23,Bulls
Nuggets,Thunder,"['Michael Porter Jr.', ' Bones Hyland', ' Collin Gillespie', ' Jamal Murray', ' Peyton Watson', ' Jeff Green']","['Jaylin Williams', ' Ousmane Dieng', ' Lindy Waters III', ' Chet Holmgren', ' Mike Muscala']",0.6111111111111112,0.3888888888888889,Thunder,2022-11-23,Nuggets
Pelicans,Spurs,"['Dereon Seabron', ' Kira Lewis Jr.', ' CJ McCollum', ' E.J. Liddell', ' Trey Murphy III']","['Blake Wesley', ' Josh Richardson', ' Dominick Barlow', ' Malaki Branham', ' Zach Collins']",0.6111111111111112,0.3157894736842105,Spurs,2022-11-23,Pelicans
Pistons,Jazz,"['Buddy Boeheim', ' Cade Cunningham', ' Isaiah Stewart', ' Saddiq Bey']","['Johnny Juzang', ' Leandro Bolmaro', ' Micah Potter', ' Mike Conley', ' Rudy Gay']",0.25,0.6,Jazz,2022-11-23,Pistons
Clippers,Warriors,"['Jason Preston', ' Brandon Boston Jr.', ' Paul George', ' Moussa Diabate', ' Kawhi Leonard']","['Ty Jerome', ' James Wiseman', ' Andre Iguodala']",0.5789473684210527,0.47368421052631576,Warriors,2022-11-23,Warriors
Timberwolves,Hornets,"['Josh Minott', ' Luka Garza', ' Taurean Prince', ' A.J. Lawson', ' Jordan McLaughlin']","['Dennis Smith Jr.', ' Gordon Hayward', ' LaMelo Ball', ' Cody Martin']",0.5263157894736842,0.3,Hornets,2022-11-25,Hornets
76ers,Magic,"['Jaden Springer', ' Tyrese Maxey', ' Matisse Thybulle', ' Joel Embiid', ' James Harden']","['Markelle Fultz', ' Wendell Carter Jr.', ' Jonathan Isaac', ' Cole Anthony', ' Chuma Okeke']",0.5263157894736842,0.2631578947368421,Magic,2022-11-25,76ers
Trail Blazers,Knicks,"['Drew Eubanks', ' Keon Johnson', ' Gary Payton II', ' Greg Brown III']","['Cam Reddish', ' Feron Hunt', ' Derrick Rose', ' Trevor Keels']",0.5789473684210527,0.47368421052631576,Knicks,2022-11-25,Trail Blazers
Kings,Celtics,"['Neemias Queta', ' Chima Moneke', ' Keon Ellis']","['Danilo Gallinari', ' Robert Williams III']",0.5555555555555556,0.7894736842105263,Celtics,2022-11-25,Celtics
Nets,Pacers,"['Yuta Watanabe', ' T.J. Warren', ' Alondes Williams']","['Chris Duarte', ' Kendall Brown', ' Daniel Theis', ' Trevelin Queen']",0.45,0.6111111111111112,Pacers,2022-11-25,Pacers
Wizards,Heat,"['Delon Wright', ' Johnny Davis', ' Rui Hachimura', ' Monte Morris']","['Duncan Robinson', ' Max Strus', ' Victor Oladipo', ' Orlando Robinson', ' Jimmy Butler', ' Omer Yurtseven']",0.5263157894736842,0.45,Heat,2022-11-25,Heat
Hawks,Rockets,"['Bogdan Bogdanovic', ' Clint Capela', ' Tyrese Martin', ' Trent Forrest']","[""Jae'Sean Tate"", ' Alperen Sengun', ' TyTy Washington Jr.', ' Darius Days', ' Trevor Hudgins', ' Eric Gordon']",0.5789473684210527,0.2222222222222222,Rockets,2022-11-25,Rockets
Pelicans,Grizzlies,"['Dereon Seabron', ' Kira Lewis Jr.', ' CJ McCollum', ' E.J. Liddell']","['Ziaire Williams', ' Xavier Tillman', ' Desmond Bane', ' Santi Aldama', ' Danny Green']",0.5789473684210527,0.5789473684210527,Grizzlies,2022-11-25,Grizzlies
Cavaliers,Bucks,"['Ricky Rubio', ' Dylan Windler', ' Kevin Love', ' Lamar Stevens', ' Caris LeVert']","['Joe Ingles', ' Pat Connaughton', ' Serge Ibaka', ' Khris Middleton']",0.631578947368421,0.7222222222222222,Bucks,2022-11-25,Bucks
Bulls,Thunder,"['Lonzo Ball', ' Kostas Antetokounmpo', ' Marko Simonovic']","['Jaylin Williams', ' Ousmane Dieng', ' Mike Muscala', ' Lindy Waters III', ' Chet Holmgren']",0.42105263157894735,0.42105263157894735,Thunder,2022-11-25,Thunder
Lakers,Spurs,"['Scotty Pippen Jr.', ' Cole Swider']","['Blake Wesley', ' Josh Richardson', ' Dominick Barlow', ' Doug McDermott']",0.35294117647058826,0.3,Spurs,2022-11-25,Lakers
Pistons,Suns,"['Buddy Boeheim', ' Cade Cunningham', ' Isaiah Stewart', ' Saddiq Bey', ' Cory Joseph']","['Cameron Johnson', ' Landry Shamet', ' Jae Crowder']",0.23809523809523808,0.6666666666666666,Suns,2022-11-25,Suns
Jazz,Warriors,"['Johnny Juzang', ' Leandro Bolmaro', ' Micah Potter', ' Mike Conley', ' Rudy Gay']","['Patrick Baldwin Jr.', ' Ryan Rollins', ' James Wiseman', ' Andre Iguodala']",0.5714285714285714,0.5,Warriors,2022-11-25,Warriors
Nuggets,Clippers,"['Michael Porter Jr.', ' Bones Hyland', ' Collin Gillespie', ' Jeff Green']","['Jason Preston', ' Brandon Boston Jr.', ' Paul George', ' Moussa Diabate', ' Kawhi Leonard']",0.631578947368421,0.55,Clippers,2022-11-25,Nuggets
Mavericks,Raptors,"['Tyler Dorsey', ' McKinley Wright IV', ' Jaden Hardy']","['Pascal Siakam', ' Precious Achiuwa', ' Dalano Banton', ' Scottie Barnes', ' Otto Porter Jr.']",0.5,0.5263157894736842,Raptors,2022-11-26,Raptors
Thunder,Rockets,"['Jaylin Williams', ' Mike Muscala', ' Lindy Waters III', ' Chet Holmgren', ' Eugene Omoruyi']","[""Jae'Sean Tate"", ' TyTy Washington Jr.', ' Darius Days', ' Trevor Hudgins', ' Bruno Fernando']",0.4,0.2631578947368421,Rockets,2022-11-26,Rockets
Lakers,Spurs,"['Scotty Pippen Jr.', ' Anthony Davis', ' Cole Swider']","['Blake Wesley', ' Josh Richardson', ' Dominick Barlow', ' Keita Bates-Diop']",0.3888888888888889,0.2857142857142857,Spurs,2022-11-26,Lakers
Jazz,Suns,"['Johnny Juzang', ' Leandro Bolmaro', ' Micah Potter', ' Mike Conley', ' Rudy Gay']","['Chris Paul', ' Cameron Johnson', ' Jae Crowder']",0.5454545454545454,0.6842105263157895,Suns,2022-11-26,Suns
Trail Blazers,Nets,"['Ibou Badji', ' Keon Johnson', ' Gary Payton II', ' Greg Brown III']","['Yuta Watanabe', ' T.J. Warren', ' Alondes Williams', ' David Duke Jr.']",0.55,0.47619047619047616,Nets,2022-11-27,Nets
Warriors,Timberwolves,"['Ty Jerome', ' Patrick Baldwin Jr.', ' Ryan Rollins', ' James Wiseman', ' Andre Iguodala']","['Josh Minott', ' Luka Garza', ' Taurean Prince', ' A.J. Lawson', ' Jordan McLaughlin', ' Jaden McDaniels']",0.5238095238095238,0.5,Timberwolves,2022-11-27,Warriors
Pacers,Clippers,"['Chris Duarte', ' Trevelin Queen', ' Daniel Theis']","['Jason Preston', ' Brandon Boston Jr.', ' Paul George', ' Moussa Diabate', ' Kawhi Leonard']",0.5789473684210527,0.5714285714285714,Clippers,2022-11-27,Clippers
Heat,Hawks,"['Duncan Robinson', ' Jimmy Butler', ' Orlando Robinson', ' Victor Oladipo', ' Omer Yurtseven']","['Jarrett Culver', ' Bogdan Bogdanovic', ' Tyrese Martin']",0.47619047619047616,0.55,Hawks,2022-11-27,Heat
Wizards,Celtics,"['Delon Wright', ' Johnny Davis', ' Kyle Kuzma', ' Vernon Carey Jr.', ' Rui Hachimura', ' Isaiah Todd']","['Jayson Tatum', ' Mfiondu Kabengele', ' JD Davison', ' Danilo Gallinari', ' Robert Williams III']",0.5,0.8,Celtics,2022-11-27,Celtics
Cavaliers,Pistons,"['Kevin Love', ' Lamar Stevens', ' Dylan Windler', ' Ricky Rubio', ' Jarrett Allen']","['Cade Cunningham', ' Jaden Ivey', ' Buddy Boeheim', ' Isaiah Stewart', ' Bojan Bogdanovic']",0.65,0.22727272727272727,Pistons,2022-11-27,Cavaliers
Grizzlies,Knicks,"['Ziaire Williams', ' Desmond Bane', ' Danny Green', ' Vince Williams Jr.']","['Feron Hunt', ' Trevor Keels']",0.6,0.45,Knicks,2022-11-27,Grizzlies
76ers,Magic,"['Jaden Springer', ' Tyrese Maxey', ' Matisse Thybulle', ' Joel Embiid', ' James Harden']","['Markelle Fultz', ' Wendell Carter Jr.', ' Jalen Suggs', ' Jonathan Isaac', ' Cole Anthony', ' Chuma Okeke']",0.55,0.25,Magic,2022-11-27,76ers
Mavericks,Bucks,"['Tyler Dorsey', ' McKinley Wright IV', ' Reggie Bullock', ' Jaden Hardy']","['Joe Ingles', ' Khris Middleton', ' Serge Ibaka']",0.47368421052631576,0.7368421052631579,Bucks,2022-11-27,Bucks
Hawks,76ers,"['Jalen Johnson', ' Bogdan Bogdanovic', ' Tyrese Martin']","['Jaden Springer', ' Tyrese Maxey', ' James Harden']",0.5238095238095238,0.5714285714285714,76ers,2022-11-28,76ers
Timberwolves,Wizards,"['Jaden McDaniels', ' Taurean Prince', ' A.J. Lawson', ' Jordan McLaughlin', ' Luka Garza']","['Delon Wright', ' Rui Hachimura']",0.47619047619047616,0.5238095238095238,Wizards,2022-11-28,Wizards
Hornets,Celtics,"['Gordon Hayward', ' LaMelo Ball', ' Mark Williams', ' Cody Martin', ' JT Thor']","['Al Horford', ' JD Davison', ' Danilo Gallinari', ' Jaylen Brown', ' Robert Williams III']",0.2857142857142857,0.8095238095238095,Celtics,2022-11-28,Celtics
Magic,Nets,"['Markelle Fultz', ' Wendell Carter Jr.', ' Jalen Suggs', ' Jonathan Isaac', ' Terrence Ross', ' Cole Anthony']","['Yuta Watanabe', ' T.J. Warren', ' Alondes Williams', ' David Duke Jr.']",0.23809523809523808,0.5,Nets,2022-11-28,Nets
Cavaliers,Raptors,"['Ricky Rubio', ' Dylan Windler', ' Mamadi Diakite', ' Kevin Love', ' Lamar Stevens']","['Precious Achiuwa', ' Otto Porter Jr.']",0.6190476190476191,0.55,Raptors,2022-11-28,Raptors
Thunder,Pelicans,"['Jaylin Williams', ' Mike Muscala', ' Lindy Waters III', ' Chet Holmgren', ' Eugene Omoruyi']","['Brandon Ingram', ' CJ McCollum', ' Naji Marshall', ' E.J. Liddell', ' Larry Nance Jr.']",0.38095238095238093,0.6,Pelicans,2022-11-28,Pelicans
Rockets,Nuggets,"[""Jae'Sean Tate"", ' TyTy Washington Jr.', ' Darius Days', ' Trevor Hudgins']","['Michael Porter Jr.', ' Bones Hyland', ' Collin Gillespie', ' Peyton Watson', ' Jeff Green']",0.25,0.65,Nuggets,2022-11-28,Nuggets
Bulls,Jazz,"['Lonzo Ball', ' Malcolm Hill', ' Kostas Antetokounmpo', ' Marko Simonovic']","['Johnny Juzang', ' Leandro Bolmaro', ' Mike Conley', ' Rudy Gay', ' Micah Potter']",0.45,0.5217391304347826,Jazz,2022-11-28,Bulls
Suns,Kings,"['Chris Paul', ' Cameron Johnson', ' Jae Crowder']","['Trey Lyles', ' Chima Moneke']",0.7,0.5263157894736842,Kings,2022-11-28,Suns
Pacers,Lakers,"['Chris Duarte', ' Daniel Theis', ' Trevelin Queen']","['Scotty Pippen Jr.', ' Cole Swider']",0.6,0.3684210526315789,Lakers,2022-11-28,Pacers
Knicks,Pistons,['Trevor Keels'],"['Jaden Ivey', ' Cade Cunningham', ' Nerlens Noel', ' Braxton Key', ' Buddy Boeheim']",0.47619047619047616,0.21739130434782608,Pistons,2022-11-29,Knicks
Warriors,Mavericks,"['Ty Jerome', ' Patrick Baldwin Jr.', ' Ryan Rollins', ' James Wiseman', ' Andre Iguodala']","['Tyler Dorsey', ' McKinley Wright IV', ' Kemba Walker']",0.5,0.5,Mavericks,2022-11-29,Mavericks
Clippers,Trail Blazers,"['Brandon Boston Jr.', ' Paul George', ' Kawhi Leonard', ' Luke Kennard', ' John Wall']","['Ibou Badji', ' Keon Johnson', ' Gary Payton II', ' John Butler Jr.']",0.5909090909090909,0.5238095238095238,Trail Blazers,2022-11-29,Clippers
76ers,Cavaliers,"['Jaden Springer', ' Tyrese Maxey', ' Julian Champagnie', ' James Harden']","['Ricky Rubio', ' Dylan Windler', ' Kevin Love', ' Lamar Stevens', ' Isaiah Mobley']",0.5454545454545454,0.6363636363636364,Cavaliers,2022-11-30,Cavaliers
Hawks,Magic,"['Jalen Johnson', ' Bogdan Bogdanovic', ' Tyrese Martin', ' Justin Holiday']","['Wendell Carter Jr.', ' Jalen Suggs', ' Jonathan Isaac', ' Chuma Okeke', ' Mo Bamba']",0.5454545454545454,0.22727272727272727,Magic,2022-11-30,Hawks
Heat,Celtics,"['Victor Oladipo', ' Jimmy Butler', ' Dewayne Dedmon', ' Omer Yurtseven']","['JD Davison', ' Danilo Gallinari', ' Robert Williams III']",0.45454545454545453,0.8181818181818182,Celtics,2022-11-30,Celtics
Wizards,Nets,"['Johnny Davis', ' Devon Dotson', ' Rui Hachimura', ' Vernon Carey Jr.', ' Isaiah Todd', ' Delon Wright']","['T.J. Warren', ' Ben Simmons', ' Yuta Watanabe', "" Day'Ron Sharpe"", ' Alondes Williams']",0.5,0.5217391304347826,Nets,2022-11-30,Nets
Bucks,Knicks,"['Joe Ingles', ' MarJon Beauchamp', ' Sandro Mamukelashvili', ' Khris Middleton', ' Serge Ibaka']","['DaQuan Jeffries', ' Ryan Arcidiacono', ' Trevor Keels']",0.75,0.45454545454545453,Knicks,2022-11-30,Bucks
Grizzlies,Timberwolves,"['Ziaire Williams', ' Desmond Bane', ' Danny Green', ' Jake LaRavia']","['Karl-Anthony Towns', ' Taurean Prince', ' Jordan McLaughlin']",0.5714285714285714,0.5,Timberwolves,2022-11-30,Timberwolves
Raptors,Pelicans,"['Ron Harper Jr.', ' Otto Porter Jr.', ' Justin Champagnie', ' Precious Achiuwa']","['Brandon Ingram', ' CJ McCollum', ' Naji Marshall', ' E.J. Liddell']",0.5238095238095238,0.6190476190476191,Pelicans,2022-11-30,Pelicans
Spurs,Thunder,"['Blake Wesley', ' Josh Richardson', ' Dominick Barlow', ' Jeremy Sochan', ' Jakob Poeltl']","['Shai Gilgeous-Alexander', ' Jaylin Williams', ' Mike Muscala', ' Lindy Waters III', ' Chet Holmgren', ' Eugene Omoruyi']",0.2727272727272727,0.4090909090909091,Thunder,2022-11-30,Thunder
Rockets,Nuggets,"[""Jae'Sean Tate"", ' TyTy Washington Jr.', ' Darius Days', ' Trevor Hudgins']","['Michael Porter Jr.', ' Collin Gillespie', ' Peyton Watson', ' Jeff Green']",0.23809523809523808,0.6666666666666666,Nuggets,2022-11-30,Nuggets
Bulls,Suns,"['Lonzo Ball', ' Malcolm Hill', ' Kostas Antetokounmpo', ' Marko Simonovic']","['Cameron Johnson', ' Chris Paul', ' Jae Crowder']",0.42857142857142855,0.7142857142857143,Suns,2022-11-30,Suns
Clippers,Jazz,"['Paul George', ' Kawhi Leonard', ' Luke Kennard', ' Norman Powell']","['Johnny Juzang', ' Micah Potter', ' Mike Conley', ' Rudy Gay']",0.5652173913043478,0.5416666666666666,Jazz,2022-11-30,Jazz
Pacers,Kings,"['Chris Duarte', ' Kendall Brown', ' Daniel Theis', ' Trevelin Queen']","['Trey Lyles', ' Neemias Queta', ' Chima Moneke', ' Keon Ellis']",0.5714285714285714,0.55,Kings,2022-11-30,Kings
Trail Blazers,Lakers,"['Ibou Badji', ' Gary Payton II', ' Nassir Little', ' Josh Hart']","['Scotty Pippen Jr.', ' Cole Swider']",0.5,0.4,Lakers,2022-11-30,Lakers
Mavericks,Pistons,"['Tyler Dorsey', ' McKinley Wright IV', ' Kemba Walker']","['Buddy Boeheim', ' Cade Cunningham', ' Braxton Key']",0.47619047619047616,0.25,Pistons,2022-12-01,Pistons
Wizards,Hornets,"['Devon Dotson', ' Delon Wright', ' Johnny Davis', ' Vernon Carey Jr.', ' Rui Hachimura', ' Isaiah Todd']","['Gordon Hayward', ' LaMelo Ball', ' Mark Williams', ' Cody Martin', ' JT Thor']",0.4782608695652174,0.3181818181818182,Hornets,2022-12-02,Hornets
Nuggets,Hawks,"['Michael Porter Jr.', ' Collin Gillespie', ' Peyton Watson', ' Jeff Green']","['John Collins', "" De'Andre Hunter"", ' Trent Forrest', ' Justin Holiday']",0.6363636363636364,0.5652173913043478,Hawks,2022-12-02,Hawks
Heat,Celtics,"['Victor Oladipo', ' Jamal Cain', ' Omer Yurtseven']","['JD Davison', ' Danilo Gallinari', ' Robert Williams III']",0.4782608695652174,0.782608695652174,Celtics,2022-12-02,Heat
Raptors,Nets,"['Ron Harper Jr.', ' Jeff Dowtin Jr.', ' Precious Achiuwa', ' Otto Porter Jr.', ' Justin Champagnie']","['Ben Simmons', ' Yuta Watanabe', ' Alondes Williams', ' David Duke Jr.']",0.5,0.5416666666666666,Nets,2022-12-02,Nets
Magic,Cavaliers,"['Wendell Carter Jr.', ' Gary Harris', ' Jalen Suggs', ' Jonathan Isaac', ' Chuma Okeke', ' Mo Bamba']","['Jarrett Allen', ' Ricky Rubio', ' Dylan Windler', ' Isaiah Mobley']",0.21739130434782608,0.6521739130434783,Cavaliers,2022-12-02,Cavaliers
Lakers,Bucks,"['Scotty Pippen Jr.', ' Dennis Schroder', ' Cole Swider']","['Joe Ingles', ' Sandro Mamukelashvili', ' MarJon Beauchamp', ' Serge Ibaka']",0.42857142857142855,0.7142857142857143,Bucks,2022-12-02,Lakers
76ers,Grizzlies,"['Jaden Springer', ' Tyrese Maxey', ' Julian Champagnie', ' James Harden']","['Ziaire Williams', ' Desmond Bane', ' Danny Green', ' Vince Williams Jr.', ' Jake LaRavia']",0.5217391304347826,0.5909090909090909,Grizzlies,2022-12-02,Grizzlies
Pelicans,Spurs,"['Dereon Seabron', ' Kira Lewis Jr.', ' Brandon Ingram', ' Herbert Jones', ' E.J. Liddell']","['Blake Wesley', ' Josh Richardson', ' Dominick Barlow', ' Jeremy Sochan', ' Jakob Poeltl', ' Doug McDermott']",0.6363636363636364,0.2608695652173913,Spurs,2022-12-02,Pelicans
Rockets,Suns,"[""Jae'Sean Tate"", ' TyTy Washington Jr.', ' Darius Days', ' Trevor Hudgins']","['Cameron Johnson', ' Chris Paul', ' Torrey Craig', ' Jae Crowder']",0.2727272727272727,0.6818181818181818,Suns,2022-12-02,Rockets
Pacers,Jazz,"['Chris Duarte', ' Daniel Theis', ' Trevelin Queen']","['Johnny Juzang', ' Micah Potter', ' Mike Conley', ' Rudy Gay']",0.5454545454545454,0.56,Jazz,2022-12-02,Jazz
Bulls,Warriors,"['Lonzo Ball', ' Malcolm Hill', ' Kostas Antetokounmpo', ' Marko Simonovic']","['Ty Jerome', ' Patrick Baldwin Jr.', ' Ryan Rollins', ' James Wiseman', ' Andre Iguodala']",0.4090909090909091,0.5217391304347826,Warriors,2022-12-02,Warriors
Mavericks,Knicks,"['Christian Wood', ' Tyler Dorsey', ' McKinley Wright IV', ' Kemba Walker']","['DaQuan Jeffries', ' Ryan Arcidiacono', ' Trevor Keels']",0.5,0.43478260869565216,Knicks,2022-12-03,Mavericks
Kings,Clippers,"['Neemias Queta', ' Chima Moneke', ' Keon Ellis']","['Paul George', ' Kawhi Leonard', ' Norman Powell', ' Luke Kennard']",0.5714285714285714,0.5416666666666666,Clippers,2022-12-03,Kings
Bucks,Hornets,"['Jrue Holiday', ' Joe Ingles', ' MarJon Beauchamp', ' Khris Middleton', ' Giannis Antetokounmpo', ' Serge Ibaka']","['Gordon Hayward', ' Dennis Smith Jr.', ' LaMelo Ball', ' Mark Williams', ' Cody Martin']",0.7272727272727273,0.30434782608695654,Hornets,2022-12-03,Bucks
Magic,Raptors,"['Wendell Carter Jr.', ' Gary Harris', ' Jalen Suggs', ' Jonathan Isaac', ' Chuma Okeke', ' Mo Bamba']","['Ron Harper Jr.', ' Jeff Dowtin Jr.', ' Precious Achiuwa', ' Otto Porter Jr.', ' Justin Champagnie']",0.20833333333333334,0.5217391304347826,Raptors,2022-12-03,Raptors
Thunder,Timberwolves,"['Lindy Waters III', ' Chet Holmgren', ' Eugene Omoruyi']","['Karl-Anthony Towns', ' Taurean Prince']",0.43478260869565216,0.4782608695652174,Timberwolves,2022-12-03,Thunder
Rockets,Warriors,"[""Jae'Sean Tate"", ' TyTy Washington Jr.', ' Darius Days', ' Trevor Hudgins', ' Eric Gordon']","['Patrick Baldwin Jr.', ' Ryan Rollins', ' James Wiseman', ' Klay Thompson', ' Andre Iguodala']",0.2608695652173913,0.5416666666666666,Warriors,2022-12-03,Warriors
Trail Blazers,Jazz,"['Gary Payton II', ' Nassir Little', ' Josh Hart', ' John Butler Jr.']","['Johnny Juzang', ' Micah Potter', ' Mike Conley', ' Rudy Gay']",0.5217391304347826,0.5384615384615384,Jazz,2022-12-03,Trail Blazers
Nuggets,Pelicans,"['Michael Porter Jr.', ' Collin Gillespie', ' Peyton Watson', ' Jeff Green']","['Dereon Seabron', ' Kira Lewis Jr.', ' Brandon Ingram', ' Herbert Jones', ' E.J. Liddell']",0.6086956521739131,0.6521739130434783,Pelicans,2022-12-04,Pelicans
Suns,Spurs,"['Cameron Johnson', ' Chris Paul', ' Torrey Craig', ' Jae Crowder']","['Josh Richardson', ' Dominick Barlow', ' Jeremy Sochan', ' Jakob Poeltl', ' Blake Wesley', ' Doug McDermott']",0.6956521739130435,0.25,Spurs,2022-12-04,Suns
Celtics,Nets,"['Marcus Smart', ' Mfiondu Kabengele', ' JD Davison', ' Danilo Gallinari', ' Robert Williams III']","['Ben Simmons', ' Edmond Sumner', ' Yuta Watanabe', ' Alondes Williams', ' David Duke Jr.']",0.7916666666666666,0.52,Nets,2022-12-04,Celtics
Grizzlies,Pistons,"['Ziaire Williams', ' Desmond Bane', ' Danny Green', ' Jake LaRavia', ' Steven Adams']","['Isaiah Livers', ' Buddy Boeheim', ' Cade Cunningham', ' Braxton Key']",0.6086956521739131,0.24,Pistons,2022-12-04,Grizzlies
Cavaliers,Knicks,"['Jarrett Allen', ' Ricky Rubio', ' Dean Wade', ' Dylan Windler', ' Isaiah Mobley']","['DaQuan Jeffries', ' Ryan Arcidiacono', ' Trevor Keels']",0.625,0.4583333333333333,Knicks,2022-12-04,Knicks
Lakers,Wizards,"['Scotty Pippen Jr.', ' Cole Swider']","['Devon Dotson', ' Delon Wright', ' Johnny Davis', ' Vernon Carey Jr.', ' Rui Hachimura', ' Isaiah Todd']",0.45454545454545453,0.4583333333333333,Wizards,2022-12-04,Lakers
Bulls,Kings,"['Lonzo Ball', ' Malcolm Hill', ' Marko Simonovic', ' Javonte Green', ' Kostas Antetokounmpo']","['Chima Moneke', ' Neemias Queta']",0.391304347826087,0.5909090909090909,Kings,2022-12-04,Kings
Pacers,Trail Blazers,"['Chris Duarte', ' T.J. McConnell', ' Daniel Theis', ' Tyrese Haliburton']","['Ibou Badji', ' Gary Payton II', ' Nassir Little', ' John Butler Jr.']",0.5217391304347826,0.5416666666666666,Trail Blazers,2022-12-04,Trail Blazers
Clippers,Hornets,"['Jason Preston', ' Moussa Diabate', ' Norman Powell']","['Gordon Hayward', ' LaMelo Ball', ' Mark Williams', ' Cody Martin', ' JT Thor']",0.56,0.2916666666666667,Hornets,2022-12-05,Clippers
Bucks,Magic,"['Joe Ingles', ' MarJon Beauchamp', ' Brook Lopez', ' Grayson Allen', ' Serge Ibaka']","['Wendell Carter Jr.', ' Gary Harris', ' Jalen Suggs', ' Jonathan Isaac', ' Chuma Okeke', ' Mo Bamba']",0.7391304347826086,0.2,Magic,2022-12-05,Bucks
Thunder,Hawks,"['Kenrich Williams', ' Lindy Waters III', ' Chet Holmgren']","['John Collins', "" De'Andre Hunter"", ' Trent Forrest']",0.4583333333333333,0.5416666666666666,Hawks,2022-12-05,Thunder
Celtics,Raptors,"['Malcolm Brogdon', ' Mfiondu Kabengele', ' JD Davison', ' Danilo Gallinari', ' Al Horford', ' Robert Williams III']","['Juancho Hernangomez', ' Precious Achiuwa', ' Otto Porter Jr.']",0.8,0.5,Raptors,2022-12-05,Celtics
76ers,Rockets,"['Tyrese Maxey', ' Julian Champagnie', ' Georges Niang']","[""Jae'Sean Tate"", ' Darius Days', ' Trevor Hudgins']",0.5,0.2916666666666667,Rockets,2022-12-05,Rockets
Heat,Grizzlies,"['Dru Smith', ' Victor Oladipo', ' Jamal Cain', ' Omer Yurtseven']","['Ziaire Williams', ' Jaren Jackson Jr.', ' Ja Morant', ' Desmond Bane', ' Danny Green', ' Jake LaRavia']",0.4583333333333333,0.625,Grizzlies,2022-12-05,Grizzlies
Suns,Mavericks,"['Cameron Johnson', ' Chris Paul', ' Torrey Craig', ' Duane Washington Jr.', ' Jae Crowder']","['Tyler Dorsey', ' McKinley Wright IV']",0.6666666666666666,0.5217391304347826,Mavericks,2022-12-05,Mavericks
Pacers,Warriors,"['Tyrese Haliburton', ' Chris Duarte', ' T.J. McConnell', ' James Johnson', ' Daniel Theis', ' Myles Turner']","['Andre Iguodala', ' Ty Jerome', ' Andrew Wiggins', ' James Wiseman']",0.5416666666666666,0.52,Warriors,2022-12-05,Pacers
Lakers,Cavaliers,"['Scotty Pippen Jr.', ' Wenyen Gabriel', ' Max Christie', ' Cole Swider']","['Ricky Rubio', ' Dean Wade', ' Dylan Windler', ' Isaiah Mobley']",0.43478260869565216,0.64,Cavaliers,2022-12-06,Cavaliers
Pistons,Heat,"['Isaiah Livers', ' Buddy Boeheim', ' Cade Cunningham', ' Braxton Key']","['Jimmy Butler', ' Dewayne Dedmon', ' Gabe Vincent', ' Jamal Cain', ' Omer Yurtseven']",0.2692307692307692,0.44,Heat,2022-12-06,Pistons
Mavericks,Nuggets,"['Tyler Dorsey', ' McKinley Wright IV']","['Michael Porter Jr.', ' Collin Gillespie', ' Jack White']",0.5416666666666666,0.5833333333333334,Nuggets,2022-12-06,Mavericks
Clippers,Magic,"['Jason Preston', ' Marcus Morris Sr.', ' Moussa Diabate', ' Norman Powell', ' John Wall']","['Wendell Carter Jr.', ' Gary Harris', ' Jalen Suggs', ' Chuma Okeke', ' Jonathan Isaac']",0.5384615384615384,0.23076923076923078,Magic,2022-12-07,Magic
Hornets,Nets,"['Gordon Hayward', ' Dennis Smith Jr.', ' Mark Williams', ' Cody Martin', ' LaMelo Ball']","['Ben Simmons', ' Yuta Watanabe', ' Kessler Edwards', "" Day'Ron Sharpe"", ' Alondes Williams', ' David Duke Jr.']",0.28,0.5384615384615384,Nets,2022-12-07,Nets
Hawks,Knicks,"['John Collins', "" De'Andre Hunter"", ' Tyrese Martin', ' Trent Forrest']","['DaQuan Jeffries', ' Ryan Arcidiacono', ' Trevor Keels']",0.52,0.48,Knicks,2022-12-07,Knicks
Lakers,Raptors,"['Scotty Pippen Jr.', ' Anthony Davis', ' LeBron James', ' Cole Swider']","['Juancho Hernangomez', ' Precious Achiuwa', ' Otto Porter Jr.']",0.4166666666666667,0.52,Raptors,2022-12-07,Raptors
Wizards,Bulls,"['Devon Dotson', ' Delon Wright', ' Johnny Davis', ' Vernon Carey Jr.', ' Rui Hachimura', ' Isaiah Todd']","['Lonzo Ball', ' Javonte Green', ' Kostas Antetokounmpo', ' Marko Simonovic']",0.44,0.4166666666666667,Bulls,2022-12-07,Bulls
Thunder,Grizzlies,"['Luguentz Dort', ' Kenrich Williams', ' Ousmane Dieng', ' Lindy Waters III', ' Chet Holmgren']","['Desmond Bane', ' Vince Williams Jr.', ' Jake LaRavia', ' Kenneth Lofton Jr.', ' Kennedy Chandler', ' Danny Green']",0.44,0.64,Grizzlies,2022-12-07,Grizzlies
Kings,Bucks,"['Terence Davis', ' Neemias Queta', ' Chima Moneke']","['Joe Ingles', ' Wesley Matthews']",0.5652173913043478,0.75,Bucks,2022-12-07,Bucks
Pacers,Timberwolves,"['Chris Duarte', ' Daniel Theis']","['Karl-Anthony Towns', ' Taurean Prince', ' A.J. Lawson']",0.52,0.5,Timberwolves,2022-12-07,Timberwolves
Pistons,Pelicans,"['Isaiah Livers', ' Buddy Boeheim', ' Cade Cunningham', ' Braxton Key']","['Dereon Seabron', ' Kira Lewis Jr.', ' Brandon Ingram', ' Herbert Jones', ' E.J. Liddell']",0.25925925925925924,0.6666666666666666,Pelicans,2022-12-07,Pelicans
Warriors,Jazz,"['Andrew Wiggins', ' Draymond Green', ' Andre Iguodala', ' Stephen Curry']","['Johnny Juzang', ' Lauri Markkanen', ' Micah Potter', ' Mike Conley']",0.5,0.5555555555555556,Jazz,2022-12-07,Jazz
Celtics,Suns,"['Al Horford', ' Mfiondu Kabengele', ' JD Davison', ' Danilo Gallinari', ' Robert Williams III']","['Cameron Johnson', ' Duane Washington Jr.', ' Jae Crowder']",0.8076923076923077,0.64,Suns,2022-12-07,Celtics
Clippers,Heat,"['Jason Preston', ' Moussa Diabate', ' Kawhi Leonard', ' Terance Mann', ' Norman Powell']","['Kyle Lowry', ' Gabe Vincent', ' Jamal Cain', ' Omer Yurtseven']",0.5185185185185185,0.46153846153846156,Heat,2022-12-08,Heat
Rockets,Spurs,"[""Jae'Sean Tate"", ' Darius Days', ' Trevor Hudgins', ' Bruno Fernando']","['Blake Wesley', ' Dominick Barlow', ' Jeremy Sochan', ' Jakob Poeltl', ' Devin Vassell', ' Keita Bates-Diop']",0.28,0.28,Spurs,2022-12-08,Spurs
Nuggets,Trail Blazers,"['Michael Porter Jr.', ' Collin Gillespie', ' Jack White']","['Ibou Badji', ' Gary Payton II', ' Nassir Little', ' John Butler Jr.']",0.6,0.52,Trail Blazers,2022-12-08,Nuggets
Spurs,Heat,"['Blake Wesley', ' Dominick Barlow', ' Jeremy Sochan', ' Jakob Poeltl', ' Keita Bates-Diop']","['Nikola Jovic', ' Gabe Vincent', ' Jamal Cain', ' Omer Yurtseven']",0.3076923076923077,0.4444444444444444,Heat,2022-12-10,Spurs
Nets,Pacers,"['Nic Claxton', ' Ben Simmons', "" Royce O'Neale"", ' T.J. Warren', ' Kyrie Irving', ' Kevin Durant']","['Chris Duarte', ' Kendall Brown', ' Daniel Theis', ' Trevelin Queen']",0.5714285714285714,0.5185185185185185,Pacers,2022-12-10,Nets
Clippers,Wizards,"['Moussa Diabate', ' Reggie Jackson', ' Norman Powell']","['Bradley Beal', ' Delon Wright', ' Johnny Davis', ' Rui Hachimura', ' Will Barton', ' Monte Morris']",0.5357142857142857,0.4074074074074074,Wizards,2022-12-10,Clippers
Thunder,Cavaliers,"['Kenrich Williams', ' Ousmane Dieng', ' Lindy Waters III', ' Chet Holmgren']","['Ricky Rubio', ' Dean Wade', ' Dylan Windler', ' Donovan Mitchell', ' Kevin Love']",0.4230769230769231,0.6296296296296297,Cavaliers,2022-12-10,Cavaliers
Mavericks,Bulls,"['Josh Green', ' Tyler Dorsey', ' McKinley Wright IV', ' Maxi Kleber', ' Luka Doncic']","['Lonzo Ball', ' Javonte Green', ' Malcolm Hill', ' Kostas Antetokounmpo', ' Marko Simonovic']",0.5,0.44,Bulls,2022-12-10,Bulls
Celtics,Warriors,"['Al Horford', ' Mfiondu Kabengele', ' JD Davison', ' Danilo Gallinari', ' Robert Williams III']","['Andrew Wiggins', ' Patrick Baldwin Jr.', ' Ryan Rollins', ' James Wiseman', ' Andre Iguodala']",0.7777777777777778,0.5185185185185185,Warriors,2022-12-10,Warriors
Jazz,Nuggets,"['Simone Fontecchio', ' Johnny Juzang', ' Lauri Markkanen', ' Jordan Clarkson', ' Collin Sexton', ' Mike Conley']","['Michael Porter Jr.', ' Collin Gillespie', ' Jack White']",0.5172413793103449,0.6153846153846154,Nuggets,2022-12-10,Nuggets
Timberwolves,Trail Blazers,"['Karl-Anthony Towns', ' Josh Minott', ' Taurean Prince', ' Jordan McLaughlin']","['Ibou Badji', ' Gary Payton II', ' Nassir Little', ' John Butler Jr.']",0.5,0.5384615384615384,Trail Blazers,2022-12-10,Trail Blazers
Suns,Pelicans,"['Cameron Johnson', ' Duane Washington Jr.', ' Devin Booker', ' Jae Crowder']","['Dereon Seabron', ' Brandon Ingram', ' Herbert Jones', ' E.J. Liddell']",0.5925925925925926,0.6923076923076923,Pelicans,2022-12-11,Pelicans
Lakers,Pistons,"['Wenyen Gabriel', ' Scotty Pippen Jr.', ' Juan Toscano-Anderson', ' Cole Swider']","['Isaiah Livers', ' Buddy Boeheim', ' Cade Cunningham', ' Braxton Key']",0.4230769230769231,0.2413793103448276,Pistons,2022-12-11,Lakers
Kings,Knicks,"[""De'Aaron Fox"", ' Alex Len', ' Neemias Queta', ' Chima Moneke']","['Obi Toppin', ' DaQuan Jeffries', ' Ryan Arcidiacono', ' Trevor Keels']",0.56,0.5185185185185185,Knicks,2022-12-11,Knicks
Raptors,Magic,"['Ron Harper Jr.', ' Juancho Hernangomez', ' Jeff Dowtin Jr.', ' Otto Porter Jr.', ' Justin Champagnie']","['Wendell Carter Jr.', ' Gary Harris', ' Jalen Suggs', ' Jonathan Isaac', ' Chuma Okeke']",0.48148148148148145,0.2857142857142857,Magic,2022-12-11,Magic
Hornets,76ers,"['Dennis Smith Jr.', ' Gordon Hayward', ' LaMelo Ball', ' Mark Williams', ' Cody Martin']","['Tyrese Maxey', ' Julian Champagnie', ' Saben Lee']",0.25925925925925924,0.5384615384615384,76ers,2022-12-11,76ers
Bulls,Hawks,"['Lonzo Ball', ' Alex Caruso', ' Kostas Antetokounmpo', ' Marko Simonovic']","['John Collins', ' Dejounte Murray']",0.4230769230769231,0.5185185185185185,Hawks,2022-12-11,Hawks
Bucks,Rockets,"['Joe Ingles', ' Sandro Mamukelashvili', ' AJ Green', ' Wesley Matthews']","[""Jae'Sean Tate"", ' Darius Days']",0.7307692307692307,0.3076923076923077,Rockets,2022-12-11,Rockets
Heat,Pacers,"['Nikola Jovic', ' Gabe Vincent', ' Jamal Cain', ' Omer Yurtseven']","['Chris Duarte', ' Kendall Brown', ' Daniel Theis', ' Trevelin Queen']",0.4642857142857143,0.5,Pacers,2022-12-12,Heat
Nets,Wizards,"[""Royce O'Neale"", ' Kessler Edwards', ' Alondes Williams', ' David Duke Jr.']","['Bradley Beal', ' Delon Wright', ' Johnny Davis', ' Rui Hachimura', ' Isaiah Todd', ' Vernon Carey Jr.']",0.5862068965517241,0.39285714285714285,Wizards,2022-12-12,Nets
Hawks,Grizzlies,"['John Collins', ' Bogdan Bogdanovic', ' Dejounte Murray', ' Trae Young']","['Ja Morant', ' Desmond Bane', ' Danny Green', ' Vince Williams Jr.', ' Steven Adams']",0.5,0.6666666666666666,Grizzlies,2022-12-12,Grizzlies
Thunder,Mavericks,"['Jaylin Williams', ' Kenrich Williams', ' Ousmane Dieng', ' Lindy Waters III', ' Chet Holmgren']","['Josh Green', ' Davis Bertans', ' McKinley Wright IV']",0.4074074074074074,0.5185185185185185,Mavericks,2022-12-12,Mavericks
Cavaliers,Spurs,"['Ricky Rubio', ' Dean Wade', ' Dylan Windler', ' Mamadi Diakite']","['Jakob Poeltl', ' Blake Wesley', ' Keita Bates-Diop']",0.6071428571428571,0.3333333333333333,Spurs,2022-12-12,Spurs
Timberwolves,Trail Blazers,"['Karl-Anthony Towns', ' Taurean Prince', ' Jordan McLaughlin']","['Ibou Badji', ' John Butler Jr.', ' Nassir Little', ' Greg Brown III']",0.48148148148148145,0.5555555555555556,Trail Blazers,2022-12-12,Trail Blazers
Celtics,Clippers,"['Al Horford', ' JD Davison', ' Danilo Gallinari', ' Robert Williams III']","['Jason Preston', ' Norman Powell']",0.75,0.5517241379310345,Clippers,2022-12-12,Clippers
Kings,76ers,"['Alex Len', ' Chima Moneke']","['Tyrese Maxey', ' Julian Champagnie', "" De'Anthony Melton"", ' Saben Lee']",0.5384615384615384,0.5555555555555556,76ers,2022-12-13,76ers
Warriors,Bucks,"['Ty Jerome', ' Andrew Wiggins', ' Ryan Rollins', ' James Wiseman', ' Andre Iguodala']","['Jrue Holiday', ' Joe Ingles', ' Sandro Mamukelashvili']",0.5,0.7407407407407407,Bucks,2022-12-13,Bucks
Suns,Rockets,"['Cameron Johnson', ' Duane Washington Jr.', ' Jae Crowder', ' Devin Booker']","[""Jae'Sean Tate"", ' Darius Days']",0.5714285714285714,0.3333333333333333,Rockets,2022-12-13,Rockets
Pelicans,Jazz,"['Dereon Seabron', ' Brandon Ingram', ' E.J. Liddell']","['Simone Fontecchio', ' Johnny Juzang', ' Collin Sexton', ' Micah Potter']",0.6666666666666666,0.5333333333333333,Jazz,2022-12-13,Jazz
Celtics,Lakers,"['Al Horford', ' JD Davison', ' Danilo Gallinari', ' Robert Williams III']","['Wenyen Gabriel', ' Scotty Pippen Jr.', ' Juan Toscano-Anderson', ' Cole Swider']",0.7586206896551724,0.4074074074074074,Lakers,2022-12-13,Celtics
Pistons,Hornets,"['Isaiah Livers', ' Buddy Boeheim', ' Cade Cunningham', ' Braxton Key']","['Dennis Smith Jr.', ' Gordon Hayward', ' Mark Williams', ' Cody Martin']",0.26666666666666666,0.25,Hornets,2022-12-14,Pistons
Warriors,Pacers,"['Andrew Wiggins', ' Ryan Rollins', ' James Wiseman', ' Klay Thompson', ' Andre Iguodala']","['Chris Duarte', ' Kendall Brown', ' Trevelin Queen', ' Daniel Theis']",0.4827586206896552,0.5172413793103449,Pacers,2022-12-14,Pacers
Hawks,Magic,"['John Collins', ' Dejounte Murray']","['Wendell Carter Jr.', ' Gary Harris', ' Jalen Suggs', ' Jonathan Isaac', ' R.J. Hampton', ' Chuma Okeke']",0.4827586206896552,0.3103448275862069,Magic,2022-12-14,Magic
Kings,Raptors,"['Alex Len', ' Chima Moneke']","['Ron Harper Jr.', ' Jeff Dowtin Jr.', ' O.G. Anunoby', ' Justin Champagnie', ' Otto Porter Jr.']",0.5555555555555556,0.4642857142857143,Raptors,2022-12-14,Kings
Knicks,Bulls,"['Obi Toppin', ' DaQuan Jeffries', ' Ryan Arcidiacono', ' Trevor Keels']","['Lonzo Ball', ' Malcolm Hill', ' Kostas Antetokounmpo', ' Ayo Dosunmu', ' Marko Simonovic']",0.5357142857142857,0.4074074074074074,Bulls,2022-12-14,Knicks
Heat,Thunder,"['Jimmy Butler', ' Nikola Jovic', ' Gabe Vincent', ' Jamal Cain', ' Omer Yurtseven']","['Jaylin Williams', ' Kenrich Williams', ' Ousmane Dieng', ' Lindy Waters III', ' Chet Holmgren', ' Jeremiah Robinson-Earl']",0.4827586206896552,0.39285714285714285,Thunder,2022-12-14,Heat
Trail Blazers,Spurs,"['Ibou Badji', ' Gary Payton II', ' Nassir Little', ' Greg Brown III', ' John Butler Jr.']","['Blake Wesley', ' Romeo Langford', ' Jakob Poeltl', ' Zach Collins']",0.5714285714285714,0.32142857142857145,Spurs,2022-12-14,Trail Blazers
Cavaliers,Mavericks,"['Ricky Rubio', ' Dylan Windler', ' Mamadi Diakite', ' Dean Wade']","['Josh Green', ' Maxi Kleber']",0.6206896551724138,0.5,Mavericks,2022-12-14,Cavaliers
Wizards,Nuggets,"['Bradley Beal', ' Delon Wright', ' Johnny Davis', ' Vernon Carey Jr.', ' Rui Hachimura', ' Isaiah Todd']","['Michael Porter Jr.', ' Collin Gillespie', ' Jack White', ' Peyton Watson']",0.3793103448275862,0.6296296296296297,Nuggets,2022-12-14,Nuggets
Timberwolves,Clippers,"['Karl-Anthony Towns', ' Taurean Prince', ' Jordan McLaughlin', "" D'Angelo Russell""]","['Jason Preston', ' Moussa Diabate', ' Norman Powell', ' John Wall']",0.4642857142857143,0.5666666666666667,Clippers,2022-12-14,Clippers
Heat,Rockets,"['Victor Oladipo', ' Kyle Lowry', ' Dewayne Dedmon', ' Gabe Vincent', ' Omer Yurtseven']","[""Jae'Sean Tate"", ' Darius Days']",0.5,0.32142857142857145,Rockets,2022-12-15,Heat
Bucks,Grizzlies,"['Jrue Holiday', ' Joe Ingles', ' Sandro Mamukelashvili', ' Serge Ibaka']","['Desmond Bane', ' Danny Green', ' Vince Williams Jr.', ' Kenneth Lofton Jr.']",0.7142857142857143,0.6785714285714286,Grizzlies,2022-12-15,Grizzlies
Pelicans,Jazz,"['Dereon Seabron', ' Brandon Ingram', ' E.J. Liddell', ' Jose Alvarado']","['Simone Fontecchio', ' Johnny Juzang', ' Collin Sexton', ' Micah Potter']",0.6428571428571429,0.5483870967741935,Jazz,2022-12-15,Jazz
Suns,Clippers,"['Cameron Johnson', ' Duane Washington Jr.', ' Deandre Ayton', ' Cameron Payne', ' Jae Crowder']","['Ivica Zubac', ' Paul George', ' Kawhi Leonard', ' Reggie Jackson', ' Norman Powell']",0.5862068965517241,0.5483870967741935,Clippers,2022-12-15,Suns
Wizards,Clippers,"['Bradley Beal', ' Delon Wright', ' Rui Hachimura', ' Isaiah Todd']","['Ivica Zubac', ' Paul George', ' Reggie Jackson', ' Norman Powell']",0.36666666666666664,0.5625,Clippers,2022-12-17,Clippers
Heat,Spurs,"['Kyle Lowry', ' Caleb Martin', ' Gabe Vincent', ' Jamal Cain', ' Omer Yurtseven']","['Blake Wesley', ' Josh Richardson', ' Dominick Barlow', ' Romeo Langford']",0.5161290322580645,0.3103448275862069,Spurs,2022-12-17,Heat
Mavericks,Cavaliers,"['Spencer Dinwiddie', ' Josh Green', ' Tyler Dorsey', ' McKinley Wright IV', ' Maxi Kleber', ' Luka Doncic']","['Ricky Rubio', ' Dean Wade', ' Dylan Windler', ' Mamadi Diakite', ' Isaiah Mobley']",0.5,0.6451612903225806,Cavaliers,2022-12-17,Cavaliers
Trail Blazers,Rockets,"['Jerami Grant', ' Ibou Badji', ' John Butler Jr.', ' Nassir Little']","[""Jae'Sean Tate"", ' Darius Days', ' Trevor Hudgins', ' Garrison Mathews', ' Josh Christopher']",0.5666666666666667,0.3103448275862069,Rockets,2022-12-17,Trail Blazers
Jazz,Bucks,"['Johnny Juzang', ' Collin Sexton']","['Joe Ingles', ' Khris Middleton', ' Giannis Antetokounmpo']",0.53125,0.7241379310344828,Bucks,2022-12-17,Bucks
Grizzlies,Thunder,"['Desmond Bane', ' Danny Green', ' Vince Williams Jr.', ' Jake LaRavia', ' Kenneth Lofton Jr.']","['Shai Gilgeous-Alexander', ' Darius Bazley', ' Ousmane Dieng', ' Chet Holmgren', ' Josh Giddey', ' Jeremiah Robinson-Earl']",0.6551724137931034,0.4,Thunder,2022-12-17,Thunder
Pelicans,Suns,"['Dereon Seabron', ' Brandon Ingram', ' E.J. Liddell']","['Cameron Johnson', ' Duane Washington Jr.', ' Deandre Ayton', ' Cameron Payne', ' Jae Crowder']",0.6206896551724138,0.6,Suns,2022-12-17,Suns
Magic,Celtics,"['Wendell Carter Jr.', ' Gary Harris', ' Jalen Suggs', ' Jonathan Isaac', ' Chuma Okeke']","['Jayson Tatum', ' Mfiondu Kabengele', ' JD Davison', ' Danilo Gallinari']",0.3548387096774194,0.7096774193548387,Celtics,2022-12-18,Magic
Knicks,Pacers,"['Obi Toppin', ' DaQuan Jeffries', ' Trevor Keels']","['Kendall Brown', ' Daniel Theis', ' Trevelin Queen']",0.5666666666666667,0.4838709677419355,Pacers,2022-12-18,Knicks
Nets,Pistons,"['Kessler Edwards', "" Day'Ron Sharpe"", ' Patty Mills', ' Alondes Williams', ' David Duke Jr.']","['Isaiah Livers', ' Buddy Boeheim', ' Cade Cunningham', ' Braxton Key']",0.6129032258064516,0.25,Pistons,2022-12-18,Nets
Warriors,Raptors,"['Andrew Wiggins', ' Andre Iguodala', ' Stephen Curry']","['Ron Harper Jr.', ' Jeff Dowtin Jr.', ' O.G. Anunoby', ' Justin Champagnie', ' Otto Porter Jr.']",0.4838709677419355,0.43333333333333335,Raptors,2022-12-18,Warriors
Bulls,Timberwolves,"['Lonzo Ball', ' Javonte Green', ' Dalen Terry', ' Malcolm Hill', ' Carlik Jones', ' Marko Simonovic']","['Rudy Gobert', ' Karl-Anthony Towns', ' Taurean Prince', ' Jordan McLaughlin']",0.3793103448275862,0.5,Timberwolves,2022-12-18,Timberwolves
Hornets,Nuggets,"['Dennis Smith Jr.', ' Mark Williams', ' Cody Martin']","['Michael Porter Jr.', ' Collin Gillespie', ' Jack White', ' Peyton Watson']",0.23333333333333334,0.6206896551724138,Nuggets,2022-12-18,Nuggets
Wizards,Lakers,"['Delon Wright', ' Rui Hachimura', ' Isaiah Todd']","['Wenyen Gabriel', ' Juan Toscano-Anderson', ' Anthony Davis', ' Cole Swider']",0.3548387096774194,0.4482758620689655,Lakers,2022-12-18,Lakers
Jazz,Cavaliers,"['Johnny Juzang', ' Kelly Olynyk', ' Collin Sexton']","['Ricky Rubio', ' Dean Wade', ' Dylan Windler', ' Mamadi Diakite', ' Isaiah Mobley']",0.5151515151515151,0.65625,Cavaliers,2022-12-19,Cavaliers
Raptors,76ers,"['Ron Harper Jr.', ' Jeff Dowtin Jr.', ' Precious Achiuwa', ' Otto Porter Jr.', ' Justin Champagnie']","['Furkan Korkmaz', ' Tyrese Maxey', ' Julian Champagnie', ' Saben Lee']",0.41935483870967744,0.5862068965517241,76ers,2022-12-19,76ers
Magic,Hawks,"['Wendell Carter Jr.', ' Jalen Suggs', ' Gary Harris', ' Jonathan Isaac', ' Chuma Okeke']","['Jarrett Culver', ' Clint Capela']",0.34375,0.5161290322580645,Hawks,2022-12-19,Hawks
Spurs,Rockets,"['Blake Wesley', ' Keldon Johnson', ' Josh Richardson', ' Dominick Barlow']","[""Jae'Sean Tate"", ' Darius Days', ' Trevor Hudgins', ' Garrison Mathews', ' Josh Christopher']",0.3333333333333333,0.3,Rockets,2022-12-19,Spurs
Mavericks,Timberwolves,"['Tim Hardaway Jr.', ' Josh Green', ' Tyler Dorsey', ' McKinley Wright IV', ' Maxi Kleber', ' Jaden Hardy']","['Rudy Gobert', ' Karl-Anthony Towns', ' Taurean Prince', ' Jordan McLaughlin']",0.4838709677419355,0.5161290322580645,Timberwolves,2022-12-19,Timberwolves
Bucks,Pelicans,"['Sandro Mamukelashvili', ' AJ Green', ' Khris Middleton']","['Dereon Seabron', ' Kira Lewis Jr.', ' Brandon Ingram', ' E.J. Liddell', ' Larry Nance Jr.']",0.7333333333333333,0.6,Pelicans,2022-12-19,Bucks
Trail Blazers,Thunder,"['Ibou Badji', ' John Butler Jr.', ' Nassir Little', ' Jusuf Nurkic']","['Jaylin Williams', ' Ousmane Dieng', ' Chet Holmgren', ' Tre Mann', ' Josh Giddey', ' Jeremiah Robinson-Earl']",0.5483870967741935,0.41935483870967744,Thunder,2022-12-19,Thunder
Lakers,Suns,"['Anthony Davis', ' Austin Reaves', ' LeBron James', ' Cole Swider']","['Cameron Johnson', ' Jock Landale', ' Duane Washington Jr.', ' Cameron Payne', ' Jae Crowder']",0.43333333333333335,0.6129032258064516,Suns,2022-12-19,Suns
Hornets,Kings,"['Terry Rozier', ' Dennis Smith Jr.', ' Mark Williams', ' Cody Martin', ' Bryce McGowens']","['Chima Moneke', ' Keon Ellis']",0.25806451612903225,0.5517241379310345,Kings,2022-12-19,Hornets
Jazz,Pistons,"['Johnny Juzang', ' Kelly Olynyk', ' Collin Sexton']","['Isaiah Livers', ' Cade Cunningham', ' Braxton Key', ' Buddy Boeheim']",0.5294117647058824,0.24242424242424243,Pistons,2022-12-20,Jazz
Bulls,Heat,"['Lonzo Ball', ' Javonte Green', ' Dalen Terry', ' Malcolm Hill', ' Carlik Jones', ' Marko Simonovic']","['Kyle Lowry', ' Caleb Martin', ' Jimmy Butler', ' Gabe Vincent', ' Omer Yurtseven']",0.4,0.5,Heat,2022-12-20,Bulls
Warriors,Knicks,"['JaMychal Green', ' Donte DiVincenzo', ' Andrew Wiggins', ' Andre Iguodala', ' Stephen Curry']","['Obi Toppin', ' DaQuan Jeffries', ' Trevor Keels']",0.46875,0.5806451612903226,Knicks,2022-12-20,Knicks
Wizards,Suns,"['Devon Dotson', ' Delon Wright', ' Johnny Davis', ' Vernon Carey Jr.', ' Rui Hachimura', ' Isaiah Todd']","['Cameron Johnson', ' Jock Landale', ' Cameron Payne', ' Jae Crowder', ' Josh Okogie']",0.375,0.59375,Suns,2022-12-20,Wizards
Grizzlies,Nuggets,"['Desmond Bane', ' Danny Green', ' Vince Williams Jr.', ' Kenneth Lofton Jr.']","['Michael Porter Jr.', ' Collin Gillespie', ' Jamal Murray', ' Jack White', ' Peyton Watson']",0.6333333333333333,0.6333333333333333,Nuggets,2022-12-20,Nuggets
